-- Generated by Craft v2.6.3004 on 19/01/2018, 9:06:40 PM.

--
-- Disable foreign key checks and autocommit.
--

SET FOREIGN_KEY_CHECKS = 0;
SET SQL_MODE = "NO_AUTO_VALUE_ON_ZERO";
SET AUTOCOMMIT = 0;
SET NAMES utf8;


DROP TABLE IF EXISTS `craft_assetfiles`;


--
-- Schema for table `craft_assetfiles`
--
CREATE TABLE `craft_assetfiles` (
  `id` int(11) NOT NULL,
  `sourceId` int(11) DEFAULT NULL,
  `folderId` int(11) NOT NULL,
  `filename` varchar(255) COLLATE utf8_unicode_ci NOT NULL,
  `kind` varchar(50) COLLATE utf8_unicode_ci NOT NULL DEFAULT 'unknown',
  `width` int(11) unsigned DEFAULT NULL,
  `height` int(11) unsigned DEFAULT NULL,
  `size` bigint(20) unsigned DEFAULT NULL,
  `dateModified` datetime DEFAULT NULL,
  `dateCreated` datetime NOT NULL,
  `dateUpdated` datetime NOT NULL,
  `uid` char(36) COLLATE utf8_unicode_ci NOT NULL DEFAULT '0',
  PRIMARY KEY (`id`),
  UNIQUE KEY `craft_assetfiles_filename_folderId_unq_idx` (`filename`,`folderId`),
  KEY `craft_assetfiles_sourceId_fk` (`sourceId`),
  KEY `craft_assetfiles_folderId_fk` (`folderId`)
) ENGINE=InnoDB DEFAULT CHARSET=utf8 COLLATE=utf8_unicode_ci;

--
-- Data for table `craft_assetfiles`
--

INSERT INTO `craft_assetfiles` (`id`, `sourceId`, `folderId`, `filename`, `kind`, `width`, `height`, `size`, `dateModified`, `dateCreated`, `dateUpdated`, `uid`) VALUES
 ('10', '1', '1', 'landscape-1.jpg', 'image', '1603', '1068', '210128', '2018-01-19 20:31:41', '2018-01-19 20:31:41', '2018-01-19 20:31:41', '3ed31bc8-4487-4c59-938a-6fd756ea4c44'),
 ('12', '1', '1', 'landscape-2.jpg', 'image', '1603', '1068', '191874', '2018-01-19 20:49:52', '2018-01-19 20:49:52', '2018-01-19 20:49:52', 'c213e550-4163-4184-b79a-6d4f73974606'),
 ('14', '1', '1', 'landscape-3.jpg', 'image', '1603', '1068', '158719', '2018-01-19 20:50:47', '2018-01-19 20:50:47', '2018-01-19 20:50:47', 'c4ec6290-9a0b-4378-a27c-dd5ade956f81'),
 ('15', '1', '1', 'landscape-4.jpg', 'image', '1603', '1068', '167507', '2018-01-19 20:50:54', '2018-01-19 20:50:54', '2018-01-19 20:50:54', '39689bee-b969-4768-8fd2-9eddc1cd43ab');



DROP TABLE IF EXISTS `craft_assetfolders`;


--
-- Schema for table `craft_assetfolders`
--
CREATE TABLE `craft_assetfolders` (
  `id` int(11) NOT NULL AUTO_INCREMENT,
  `parentId` int(11) DEFAULT NULL,
  `sourceId` int(11) DEFAULT NULL,
  `name` varchar(255) COLLATE utf8_unicode_ci NOT NULL,
  `path` varchar(255) COLLATE utf8_unicode_ci DEFAULT NULL,
  `dateCreated` datetime NOT NULL,
  `dateUpdated` datetime NOT NULL,
  `uid` char(36) COLLATE utf8_unicode_ci NOT NULL DEFAULT '0',
  PRIMARY KEY (`id`),
  UNIQUE KEY `craft_assetfolders_name_parentId_sourceId_unq_idx` (`name`,`parentId`,`sourceId`),
  KEY `craft_assetfolders_parentId_fk` (`parentId`),
  KEY `craft_assetfolders_sourceId_fk` (`sourceId`)
) ENGINE=InnoDB AUTO_INCREMENT=2 DEFAULT CHARSET=utf8 COLLATE=utf8_unicode_ci;

--
-- Data for table `craft_assetfolders`
--

INSERT INTO `craft_assetfolders` (`id`, `parentId`, `sourceId`, `name`, `path`, `dateCreated`, `dateUpdated`, `uid`) VALUES
 ('1', NULL, '1', 'Uploads', '', '2018-01-19 20:24:04', '2018-01-19 20:24:04', 'aeb9694d-4d9e-47d6-ab06-3d3c372d5e48');



DROP TABLE IF EXISTS `craft_assetindexdata`;


--
-- Schema for table `craft_assetindexdata`
--
CREATE TABLE `craft_assetindexdata` (
  `id` int(11) NOT NULL AUTO_INCREMENT,
  `sessionId` varchar(36) COLLATE utf8_unicode_ci NOT NULL DEFAULT '',
  `sourceId` int(10) NOT NULL,
  `offset` int(10) NOT NULL,
  `uri` varchar(255) COLLATE utf8_unicode_ci DEFAULT NULL,
  `size` varchar(255) COLLATE utf8_unicode_ci DEFAULT NULL,
  `recordId` int(10) DEFAULT NULL,
  `dateCreated` datetime NOT NULL,
  `dateUpdated` datetime NOT NULL,
  `uid` char(36) COLLATE utf8_unicode_ci NOT NULL DEFAULT '0',
  PRIMARY KEY (`id`),
  UNIQUE KEY `craft_assetindexdata_sessionId_sourceId_offset_unq_idx` (`sessionId`,`sourceId`,`offset`),
  KEY `craft_assetindexdata_sourceId_fk` (`sourceId`)
) ENGINE=InnoDB DEFAULT CHARSET=utf8 COLLATE=utf8_unicode_ci;

DROP TABLE IF EXISTS `craft_assetsources`;


--
-- Schema for table `craft_assetsources`
--
CREATE TABLE `craft_assetsources` (
  `id` int(11) NOT NULL AUTO_INCREMENT,
  `name` varchar(255) COLLATE utf8_unicode_ci NOT NULL,
  `handle` varchar(255) COLLATE utf8_unicode_ci NOT NULL,
  `type` varchar(150) COLLATE utf8_unicode_ci NOT NULL,
  `settings` text COLLATE utf8_unicode_ci DEFAULT NULL,
  `sortOrder` smallint(6) unsigned DEFAULT NULL,
  `fieldLayoutId` int(10) DEFAULT NULL,
  `dateCreated` datetime NOT NULL,
  `dateUpdated` datetime NOT NULL,
  `uid` char(36) COLLATE utf8_unicode_ci NOT NULL DEFAULT '0',
  PRIMARY KEY (`id`),
  UNIQUE KEY `craft_assetsources_name_unq_idx` (`name`),
  UNIQUE KEY `craft_assetsources_handle_unq_idx` (`handle`),
  KEY `craft_assetsources_fieldLayoutId_fk` (`fieldLayoutId`)
) ENGINE=InnoDB AUTO_INCREMENT=2 DEFAULT CHARSET=utf8 COLLATE=utf8_unicode_ci;

--
-- Data for table `craft_assetsources`
--

INSERT INTO `craft_assetsources` (`id`, `name`, `handle`, `type`, `settings`, `sortOrder`, `fieldLayoutId`, `dateCreated`, `dateUpdated`, `uid`) VALUES
 ('1', 'Uploads', 'uploads', 'Local', '{\"path\":\"assets\\/uploads\\/\",\"publicURLs\":\"1\",\"url\":\"assets\\/uploads\\/\"}', '1', '23', '2018-01-19 20:24:04', '2018-01-19 20:24:04', '3b630150-1093-4440-9bbb-ecb7084aa470');



DROP TABLE IF EXISTS `craft_assettransformindex`;


--
-- Schema for table `craft_assettransformindex`
--
CREATE TABLE `craft_assettransformindex` (
  `id` int(11) NOT NULL AUTO_INCREMENT,
  `fileId` int(11) NOT NULL,
  `filename` varchar(255) COLLATE utf8_unicode_ci DEFAULT NULL,
  `format` varchar(255) COLLATE utf8_unicode_ci DEFAULT NULL,
  `location` varchar(255) COLLATE utf8_unicode_ci NOT NULL,
  `sourceId` int(11) DEFAULT NULL,
  `fileExists` tinyint(1) DEFAULT NULL,
  `inProgress` tinyint(1) DEFAULT NULL,
  `dateIndexed` datetime DEFAULT NULL,
  `dateCreated` datetime NOT NULL,
  `dateUpdated` datetime NOT NULL,
  `uid` char(36) COLLATE utf8_unicode_ci NOT NULL DEFAULT '0',
  PRIMARY KEY (`id`),
  KEY `craft_assettransformindex_sourceId_fileId_location_idx` (`sourceId`,`fileId`,`location`)
) ENGINE=InnoDB DEFAULT CHARSET=utf8 COLLATE=utf8_unicode_ci;

DROP TABLE IF EXISTS `craft_assettransforms`;


--
-- Schema for table `craft_assettransforms`
--
CREATE TABLE `craft_assettransforms` (
  `id` int(11) NOT NULL AUTO_INCREMENT,
  `name` varchar(255) COLLATE utf8_unicode_ci NOT NULL,
  `handle` varchar(255) COLLATE utf8_unicode_ci NOT NULL,
  `mode` enum('stretch','fit','crop') COLLATE utf8_unicode_ci NOT NULL DEFAULT 'crop',
  `position` enum('top-left','top-center','top-right','center-left','center-center','center-right','bottom-left','bottom-center','bottom-right') COLLATE utf8_unicode_ci NOT NULL DEFAULT 'center-center',
  `height` int(10) DEFAULT NULL,
  `width` int(10) DEFAULT NULL,
  `format` varchar(255) COLLATE utf8_unicode_ci DEFAULT NULL,
  `quality` int(10) DEFAULT NULL,
  `dimensionChangeTime` datetime DEFAULT NULL,
  `dateCreated` datetime NOT NULL,
  `dateUpdated` datetime NOT NULL,
  `uid` char(36) COLLATE utf8_unicode_ci NOT NULL DEFAULT '0',
  PRIMARY KEY (`id`),
  UNIQUE KEY `craft_assettransforms_name_unq_idx` (`name`),
  UNIQUE KEY `craft_assettransforms_handle_unq_idx` (`handle`)
) ENGINE=InnoDB DEFAULT CHARSET=utf8 COLLATE=utf8_unicode_ci;

DROP TABLE IF EXISTS `craft_categories`;


--
-- Schema for table `craft_categories`
--
CREATE TABLE `craft_categories` (
  `id` int(11) NOT NULL,
  `groupId` int(11) NOT NULL,
  `dateCreated` datetime NOT NULL,
  `dateUpdated` datetime NOT NULL,
  `uid` char(36) COLLATE utf8_unicode_ci NOT NULL DEFAULT '0',
  PRIMARY KEY (`id`),
  KEY `craft_categories_groupId_fk` (`groupId`)
) ENGINE=InnoDB DEFAULT CHARSET=utf8 COLLATE=utf8_unicode_ci;

DROP TABLE IF EXISTS `craft_categorygroups`;


--
-- Schema for table `craft_categorygroups`
--
CREATE TABLE `craft_categorygroups` (
  `id` int(11) NOT NULL AUTO_INCREMENT,
  `structureId` int(11) NOT NULL,
  `fieldLayoutId` int(11) DEFAULT NULL,
  `name` varchar(255) COLLATE utf8_unicode_ci NOT NULL,
  `handle` varchar(255) COLLATE utf8_unicode_ci NOT NULL,
  `hasUrls` tinyint(1) unsigned NOT NULL DEFAULT 1,
  `template` varchar(500) COLLATE utf8_unicode_ci DEFAULT NULL,
  `dateCreated` datetime NOT NULL,
  `dateUpdated` datetime NOT NULL,
  `uid` char(36) COLLATE utf8_unicode_ci NOT NULL DEFAULT '0',
  PRIMARY KEY (`id`),
  UNIQUE KEY `craft_categorygroups_name_unq_idx` (`name`),
  UNIQUE KEY `craft_categorygroups_handle_unq_idx` (`handle`),
  KEY `craft_categorygroups_structureId_fk` (`structureId`),
  KEY `craft_categorygroups_fieldLayoutId_fk` (`fieldLayoutId`)
) ENGINE=InnoDB DEFAULT CHARSET=utf8 COLLATE=utf8_unicode_ci;

DROP TABLE IF EXISTS `craft_categorygroups_i18n`;


--
-- Schema for table `craft_categorygroups_i18n`
--
CREATE TABLE `craft_categorygroups_i18n` (
  `id` int(11) NOT NULL AUTO_INCREMENT,
  `groupId` int(11) NOT NULL,
  `locale` char(12) COLLATE utf8_unicode_ci NOT NULL,
  `urlFormat` text COLLATE utf8_unicode_ci DEFAULT NULL,
  `nestedUrlFormat` text COLLATE utf8_unicode_ci DEFAULT NULL,
  `dateCreated` datetime NOT NULL,
  `dateUpdated` datetime NOT NULL,
  `uid` char(36) COLLATE utf8_unicode_ci NOT NULL DEFAULT '0',
  PRIMARY KEY (`id`),
  UNIQUE KEY `craft_categorygroups_i18n_groupId_locale_unq_idx` (`groupId`,`locale`),
  KEY `craft_categorygroups_i18n_locale_fk` (`locale`)
) ENGINE=InnoDB DEFAULT CHARSET=utf8 COLLATE=utf8_unicode_ci;

DROP TABLE IF EXISTS `craft_content`;


--
-- Schema for table `craft_content`
--
CREATE TABLE `craft_content` (
  `id` int(11) NOT NULL AUTO_INCREMENT,
  `elementId` int(11) NOT NULL,
  `locale` char(12) COLLATE utf8_unicode_ci NOT NULL,
  `title` varchar(255) COLLATE utf8_unicode_ci DEFAULT NULL,
  `field_body` text COLLATE utf8_unicode_ci DEFAULT NULL,
  `field_learn` text COLLATE utf8_unicode_ci DEFAULT NULL,
  `field_how` text COLLATE utf8_unicode_ci DEFAULT NULL,
  `field_participate` text COLLATE utf8_unicode_ci DEFAULT NULL,
  `field_contact` text COLLATE utf8_unicode_ci DEFAULT NULL,
  `field_fullName` text COLLATE utf8_unicode_ci DEFAULT NULL,
  `field_email` text COLLATE utf8_unicode_ci DEFAULT NULL,
  `field_streetNumber` text COLLATE utf8_unicode_ci DEFAULT NULL,
  `field_suburb` text COLLATE utf8_unicode_ci DEFAULT NULL,
  `field_cityTown` text COLLATE utf8_unicode_ci DEFAULT NULL,
  `field_postCode` text COLLATE utf8_unicode_ci DEFAULT NULL,
  `dateCreated` datetime NOT NULL,
  `dateUpdated` datetime NOT NULL,
  `uid` char(36) COLLATE utf8_unicode_ci NOT NULL DEFAULT '0',
  PRIMARY KEY (`id`),
  UNIQUE KEY `craft_content_elementId_locale_unq_idx` (`elementId`,`locale`),
  KEY `craft_content_title_idx` (`title`),
  KEY `craft_content_locale_fk` (`locale`)
) ENGINE=InnoDB AUTO_INCREMENT=12 DEFAULT CHARSET=utf8 COLLATE=utf8_unicode_ci;

--
-- Data for table `craft_content`
--

INSERT INTO `craft_content` (`id`, `elementId`, `locale`, `title`, `field_body`, `field_learn`, `field_how`, `field_participate`, `field_contact`, `field_fullName`, `field_email`, `field_streetNumber`, `field_suburb`, `field_cityTown`, `field_postCode`, `dateCreated`, `dateUpdated`, `uid`) VALUES
 ('1', '1', 'en_nz', NULL, NULL, NULL, NULL, NULL, NULL, NULL, NULL, NULL, NULL, NULL, NULL, '2017-08-09 07:48:00', '2017-08-09 07:48:00', 'd829a486-ee36-40ef-a667-a761e6ced9f7'),
 ('2', '2', 'en_nz', 'Home', '<p>Empty</p>', NULL, NULL, NULL, NULL, NULL, NULL, NULL, NULL, NULL, NULL, '2017-08-09 07:48:02', '2018-01-18 21:41:45', 'd9a3687b-5a59-4dc9-a594-4940b4fee3a0'),
 ('4', '4', 'en_nz', 'Learn', NULL, '<p>One of my closest friends was sexually assaulted - something that has happened to 1 in 5 women in our country. In an attempt to help her claim her body back, chip away at these statistics &amp; keep others Safe From Harm, I sought to respectfully address the issue through the arts.<br /><br />Assaults most frequently happen in homes, behind closed doors. This happens to be where artwork lives and why this medium was chosen for the project. I want to get the artwork &amp; its messaging onto the walls of as many women\'s homes, flats, and bedrooms as possible, where these things can happen. Think of it as artistic &amp; political product-placement. <br /><br />I aspire that this artwork serves as a symbol of empowerment to the women of New Zealand and I want the work to create much needed learning for men. An artwork designed to generate both conversation &amp; change. <br /><br />New Zealand has pioneered women’s rights for over a century with strong, resilient women at the front line. I hope together through art, conversation and respect, we can keep others Safe From Harm.</p>', '<p>Tell me why you think consent is important <a href=\"https://instagram.com/andrewj.steel\" target=\"_blank\" rel=\"noreferrer noopener\">here</a>. <br /><br />I’ve produced a 45-piece limited edition artwork of my dear friend, captured elegantly by <a href=\"https://mattqueree.com\" target=\"_blank\" rel=\"noreferrer noopener\">Matt Queree</a> and presented to you here. I worked closely with my friend, and then with a small group of strong New Zealand women to receive the artwork, get feedback and then release one year on from her assault. <br /><br />The artworks (limited edition to 45 pieces) and smaller postcard (unlimited) version are given away free, strictly to women, who comment why they think “<em>consent is cool</em>” on <a href=\"https://instagram.com/andrewj.steel\" target=\"_blank\" rel=\"noreferrer noopener\">Instagram</a>. This gives a voice to consent, seeking to empower the New Zealand female and also serves as a place to learn, educating male readers. <br /><br />While art can\'t change this alone, this project aspires to join the growing movement. <br /><br />Project runs live for 7 days from 22/1 - 29/1. <br /><br />S<i>afe From Harm is a personal project conceptualised &amp; self funded by artist Andrew J. Steel.</i><br /></p>', NULL, NULL, NULL, NULL, NULL, NULL, NULL, NULL, '2018-01-18 21:42:28', '2018-01-18 22:09:09', '4b66f299-b331-4a72-a3d0-1db656458f78'),
 ('5', '5', 'en_nz', 'Participate', NULL, NULL, NULL, 'Please note you are entering a ‘lottery’ for the works. All legible participants will receive a copy of an artwork - either A3 fine art print or A6 post card -  at artists discretion. T & C’s (running 7 days, women only, 45 prints, unlimited cards).', NULL, NULL, NULL, NULL, NULL, NULL, NULL, '2018-01-18 21:42:46', '2018-01-19 20:55:48', '32fb72b1-e27f-4ec2-84b2-d3c9112f52bd'),
 ('6', '6', 'en_nz', 'Artwork', NULL, NULL, NULL, NULL, NULL, NULL, NULL, NULL, NULL, NULL, NULL, '2018-01-18 21:43:15', '2018-01-19 20:50:56', '40512bb9-2728-4d27-a35d-6263d4d8d814'),
 ('7', '7', 'en_nz', 'Contact', NULL, NULL, NULL, NULL, '<p>Media &amp; general inquiries:<br /><a href=\"mailto:safefromharm@andrewjsteel.com\">safefromharm@andrewjsteel.com</a><br /><br />Need help?<br /><a href=\"https://www.instagram.com/andrewj.steel/\" target=\"_blank\" rel=\"noreferrer noopener\">Instagram</a><br /></p>', NULL, NULL, NULL, NULL, NULL, NULL, '2018-01-18 21:43:31', '2018-01-19 00:46:54', '0a8b94c2-e19c-495b-a5be-bbab9fe9f8a7'),
 ('8', '10', 'en_nz', 'Landscape 1', NULL, NULL, NULL, NULL, NULL, NULL, NULL, NULL, NULL, NULL, NULL, '2018-01-19 20:31:41', '2018-01-19 20:31:41', 'ee963f59-ceda-437b-8787-0588f2059f62'),
 ('9', '12', 'en_nz', 'Landscape 2', NULL, NULL, NULL, NULL, NULL, NULL, NULL, NULL, NULL, NULL, NULL, '2018-01-19 20:49:52', '2018-01-19 20:49:52', '80072c7a-6d39-4d2a-a928-5431ff7da441'),
 ('10', '14', 'en_nz', 'Landscape 3', NULL, NULL, NULL, NULL, NULL, NULL, NULL, NULL, NULL, NULL, NULL, '2018-01-19 20:50:47', '2018-01-19 20:50:47', 'b8a339fd-feec-4423-b013-603dbe9947d3'),
 ('11', '15', 'en_nz', 'Landscape 4', NULL, NULL, NULL, NULL, NULL, NULL, NULL, NULL, NULL, NULL, NULL, '2018-01-19 20:50:54', '2018-01-19 20:50:54', '9d993eb8-09c0-412f-a86b-a1147a2477c4');



DROP TABLE IF EXISTS `craft_deprecationerrors`;


--
-- Schema for table `craft_deprecationerrors`
--
CREATE TABLE `craft_deprecationerrors` (
  `id` int(11) NOT NULL AUTO_INCREMENT,
  `key` varchar(255) COLLATE utf8_unicode_ci NOT NULL,
  `fingerprint` varchar(255) COLLATE utf8_unicode_ci NOT NULL,
  `lastOccurrence` datetime NOT NULL,
  `file` varchar(255) COLLATE utf8_unicode_ci NOT NULL,
  `line` smallint(6) unsigned NOT NULL,
  `class` varchar(255) COLLATE utf8_unicode_ci DEFAULT NULL,
  `method` varchar(255) COLLATE utf8_unicode_ci DEFAULT NULL,
  `template` varchar(255) COLLATE utf8_unicode_ci DEFAULT NULL,
  `templateLine` smallint(6) unsigned DEFAULT NULL,
  `message` varchar(255) COLLATE utf8_unicode_ci DEFAULT NULL,
  `traces` text COLLATE utf8_unicode_ci DEFAULT NULL,
  `dateCreated` datetime NOT NULL,
  `dateUpdated` datetime NOT NULL,
  `uid` char(36) COLLATE utf8_unicode_ci NOT NULL DEFAULT '0',
  PRIMARY KEY (`id`),
  UNIQUE KEY `craft_deprecationerrors_key_fingerprint_unq_idx` (`key`,`fingerprint`)
) ENGINE=InnoDB DEFAULT CHARSET=utf8 COLLATE=utf8_unicode_ci;

DROP TABLE IF EXISTS `craft_elementindexsettings`;


--
-- Schema for table `craft_elementindexsettings`
--
CREATE TABLE `craft_elementindexsettings` (
  `id` int(11) NOT NULL AUTO_INCREMENT,
  `type` varchar(150) COLLATE utf8_unicode_ci NOT NULL,
  `settings` text COLLATE utf8_unicode_ci DEFAULT NULL,
  `dateCreated` datetime NOT NULL,
  `dateUpdated` datetime NOT NULL,
  `uid` char(36) COLLATE utf8_unicode_ci NOT NULL DEFAULT '0',
  PRIMARY KEY (`id`),
  UNIQUE KEY `craft_elementindexsettings_type_unq_idx` (`type`)
) ENGINE=InnoDB DEFAULT CHARSET=utf8 COLLATE=utf8_unicode_ci;

DROP TABLE IF EXISTS `craft_elements`;


--
-- Schema for table `craft_elements`
--
CREATE TABLE `craft_elements` (
  `id` int(11) NOT NULL AUTO_INCREMENT,
  `type` varchar(150) COLLATE utf8_unicode_ci NOT NULL,
  `enabled` tinyint(1) unsigned NOT NULL DEFAULT 1,
  `archived` tinyint(1) unsigned NOT NULL DEFAULT 0,
  `dateCreated` datetime NOT NULL,
  `dateUpdated` datetime NOT NULL,
  `uid` char(36) COLLATE utf8_unicode_ci NOT NULL DEFAULT '0',
  PRIMARY KEY (`id`),
  KEY `craft_elements_type_idx` (`type`),
  KEY `craft_elements_enabled_idx` (`enabled`),
  KEY `craft_elements_archived_dateCreated_idx` (`archived`,`dateCreated`)
) ENGINE=InnoDB AUTO_INCREMENT=18 DEFAULT CHARSET=utf8 COLLATE=utf8_unicode_ci;

--
-- Data for table `craft_elements`
--

INSERT INTO `craft_elements` (`id`, `type`, `enabled`, `archived`, `dateCreated`, `dateUpdated`, `uid`) VALUES
 ('1', 'User', '1', '0', '2017-08-09 07:48:00', '2017-08-09 07:48:00', 'd16cc0e1-c143-4b09-a4e3-6f42fcabd7b4'),
 ('2', 'Entry', '1', '0', '2017-08-09 07:48:02', '2018-01-18 21:41:45', '0a0fb15d-91dc-4165-894f-49b936a1dfab'),
 ('4', 'Entry', '1', '0', '2018-01-18 21:42:28', '2018-01-18 22:09:09', 'fd8471f7-72cd-45ea-8857-c46d9d357524'),
 ('5', 'Entry', '1', '0', '2018-01-18 21:42:46', '2018-01-19 20:55:48', '0f114647-9a4d-4315-960d-4e4ecc07d9a9'),
 ('6', 'Entry', '1', '0', '2018-01-18 21:43:15', '2018-01-19 20:50:56', '28b5fc46-29f6-43ab-8583-4458e257ec58'),
 ('7', 'Entry', '1', '0', '2018-01-18 21:43:31', '2018-01-19 00:46:54', 'b7f9cc6c-0e4c-4722-b2e0-85a1826dcb61'),
 ('8', 'FormBuilder2', '1', '0', '2018-01-19 19:14:11', '2018-01-19 19:14:11', '4e3237ce-4400-43a1-8166-9e5bf0805450'),
 ('9', 'FormBuilder2', '1', '0', '2018-01-19 19:18:54', '2018-01-19 19:18:54', 'd9f1c3bf-e335-4741-b653-5443aa4af674'),
 ('10', 'Asset', '1', '0', '2018-01-19 20:31:41', '2018-01-19 20:31:41', '0c2f9bf3-7e0f-446f-951e-f4d876595f30'),
 ('11', 'MatrixBlock', '1', '0', '2018-01-19 20:31:50', '2018-01-19 20:50:56', '8a8e85d1-6375-44fa-8c11-c5304b11367a'),
 ('12', 'Asset', '1', '0', '2018-01-19 20:49:52', '2018-01-19 20:49:52', 'f28ca0b1-9386-4f33-bb94-d9233153a59f'),
 ('13', 'MatrixBlock', '1', '0', '2018-01-19 20:49:56', '2018-01-19 20:50:57', 'bf61340e-556e-4d14-85dc-9d59bdb4d097'),
 ('14', 'Asset', '1', '0', '2018-01-19 20:50:47', '2018-01-19 20:50:47', 'f7d5414f-1c90-4fb4-b177-250774f60803'),
 ('15', 'Asset', '1', '0', '2018-01-19 20:50:54', '2018-01-19 20:50:54', '4e01720f-63f9-417f-be33-b3935f0332be'),
 ('16', 'MatrixBlock', '1', '0', '2018-01-19 20:50:57', '2018-01-19 20:50:57', 'cdb949e1-d0f5-4ae9-83a3-364b0303f081'),
 ('17', 'MatrixBlock', '1', '0', '2018-01-19 20:50:57', '2018-01-19 20:50:57', 'a1402c50-f6df-43a0-b141-44698e1520e8');



DROP TABLE IF EXISTS `craft_elements_i18n`;


--
-- Schema for table `craft_elements_i18n`
--
CREATE TABLE `craft_elements_i18n` (
  `id` int(11) NOT NULL AUTO_INCREMENT,
  `elementId` int(11) NOT NULL,
  `locale` char(12) COLLATE utf8_unicode_ci NOT NULL,
  `slug` varchar(255) COLLATE utf8_unicode_ci DEFAULT NULL,
  `uri` varchar(255) COLLATE utf8_unicode_ci DEFAULT NULL,
  `enabled` tinyint(1) unsigned NOT NULL DEFAULT 1,
  `dateCreated` datetime NOT NULL,
  `dateUpdated` datetime NOT NULL,
  `uid` char(36) COLLATE utf8_unicode_ci NOT NULL DEFAULT '0',
  PRIMARY KEY (`id`),
  UNIQUE KEY `craft_elements_i18n_elementId_locale_unq_idx` (`elementId`,`locale`),
  UNIQUE KEY `craft_elements_i18n_uri_locale_unq_idx` (`uri`,`locale`),
  KEY `craft_elements_i18n_slug_locale_idx` (`slug`,`locale`),
  KEY `craft_elements_i18n_enabled_idx` (`enabled`),
  KEY `craft_elements_i18n_locale_fk` (`locale`)
) ENGINE=InnoDB AUTO_INCREMENT=18 DEFAULT CHARSET=utf8 COLLATE=utf8_unicode_ci;

--
-- Data for table `craft_elements_i18n`
--

INSERT INTO `craft_elements_i18n` (`id`, `elementId`, `locale`, `slug`, `uri`, `enabled`, `dateCreated`, `dateUpdated`, `uid`) VALUES
 ('1', '1', 'en_nz', '', NULL, '1', '2017-08-09 07:48:00', '2017-08-09 07:48:00', '268b2e5f-bdcb-4b06-8cdb-054504b632e2'),
 ('2', '2', 'en_nz', 'homepage', '__home__', '1', '2017-08-09 07:48:02', '2018-01-18 21:41:45', 'e65278b6-5ecc-4d8c-95d1-10a2436f18e8'),
 ('4', '4', 'en_nz', 'learn', 'learn', '1', '2018-01-18 21:42:28', '2018-01-18 22:09:10', 'cdcab483-9898-49a9-a8ec-ef8d3db65d2b'),
 ('5', '5', 'en_nz', 'participate', 'participate', '1', '2018-01-18 21:42:46', '2018-01-19 20:55:48', 'b03168eb-74bf-4252-b9ad-561214cfa71a'),
 ('6', '6', 'en_nz', 'artwork', 'artwork', '1', '2018-01-18 21:43:15', '2018-01-19 20:50:56', 'a3135fbf-0ca8-4789-986c-cd641f934200'),
 ('7', '7', 'en_nz', 'contact', 'contact', '1', '2018-01-18 21:43:31', '2018-01-19 00:46:54', 'ece21180-35ef-470e-82d5-84244c79041b'),
 ('8', '8', 'en_nz', 'entry', NULL, '1', '2018-01-19 19:14:11', '2018-01-19 19:14:11', '694eaac0-8cb5-4138-ad45-29d2441da659'),
 ('9', '9', 'en_nz', 'entry', NULL, '1', '2018-01-19 19:18:54', '2018-01-19 19:18:54', '881eca21-a5ed-4f56-b74e-32948ebf4b2d'),
 ('10', '10', 'en_nz', 'landscape-1', NULL, '1', '2018-01-19 20:31:41', '2018-01-19 20:31:41', '3f770af7-9f6f-43ec-b73f-a33d09803912'),
 ('11', '11', 'en_nz', '', NULL, '1', '2018-01-19 20:31:50', '2018-01-19 20:50:56', 'b18d1cee-4933-4fd9-b579-261db63fa64f'),
 ('12', '12', 'en_nz', 'landscape-2', NULL, '1', '2018-01-19 20:49:52', '2018-01-19 20:49:52', '9eff0c12-515b-4c12-8901-7e57d3594427'),
 ('13', '13', 'en_nz', '', NULL, '1', '2018-01-19 20:49:56', '2018-01-19 20:50:57', '20cebdca-a223-4d50-b8a7-a9bea6816c58'),
 ('14', '14', 'en_nz', 'landscape-3', NULL, '1', '2018-01-19 20:50:47', '2018-01-19 20:50:47', '2c1447f4-9e98-4765-ace2-43884d01cca2'),
 ('15', '15', 'en_nz', 'landscape-4', NULL, '1', '2018-01-19 20:50:54', '2018-01-19 20:50:54', 'f96a964e-ee7c-4225-ad21-7d0d0ced2ba0'),
 ('16', '16', 'en_nz', '', NULL, '1', '2018-01-19 20:50:57', '2018-01-19 20:50:57', 'bc863cbd-242d-459b-8777-bb0b76a26476'),
 ('17', '17', 'en_nz', '', NULL, '1', '2018-01-19 20:50:57', '2018-01-19 20:50:57', '4b454b18-1d5a-48ef-843b-4876117b5372');



DROP TABLE IF EXISTS `craft_emailmessages`;


--
-- Schema for table `craft_emailmessages`
--
CREATE TABLE `craft_emailmessages` (
  `id` int(11) NOT NULL AUTO_INCREMENT,
  `key` char(150) COLLATE utf8_unicode_ci NOT NULL,
  `locale` char(12) COLLATE utf8_unicode_ci NOT NULL,
  `subject` varchar(1000) COLLATE utf8_unicode_ci NOT NULL,
  `body` text COLLATE utf8_unicode_ci NOT NULL,
  `dateCreated` datetime NOT NULL,
  `dateUpdated` datetime NOT NULL,
  `uid` char(36) COLLATE utf8_unicode_ci NOT NULL DEFAULT '0',
  PRIMARY KEY (`id`),
  UNIQUE KEY `craft_emailmessages_key_locale_unq_idx` (`key`,`locale`),
  KEY `craft_emailmessages_locale_fk` (`locale`)
) ENGINE=InnoDB DEFAULT CHARSET=utf8 COLLATE=utf8_unicode_ci;

DROP TABLE IF EXISTS `craft_entries`;


--
-- Schema for table `craft_entries`
--
CREATE TABLE `craft_entries` (
  `id` int(11) NOT NULL,
  `sectionId` int(11) NOT NULL,
  `typeId` int(11) DEFAULT NULL,
  `authorId` int(11) DEFAULT NULL,
  `postDate` datetime DEFAULT NULL,
  `expiryDate` datetime DEFAULT NULL,
  `dateCreated` datetime NOT NULL,
  `dateUpdated` datetime NOT NULL,
  `uid` char(36) COLLATE utf8_unicode_ci NOT NULL DEFAULT '0',
  PRIMARY KEY (`id`),
  KEY `craft_entries_sectionId_idx` (`sectionId`),
  KEY `craft_entries_typeId_idx` (`typeId`),
  KEY `craft_entries_postDate_idx` (`postDate`),
  KEY `craft_entries_expiryDate_idx` (`expiryDate`),
  KEY `craft_entries_authorId_fk` (`authorId`)
) ENGINE=InnoDB DEFAULT CHARSET=utf8 COLLATE=utf8_unicode_ci;

--
-- Data for table `craft_entries`
--

INSERT INTO `craft_entries` (`id`, `sectionId`, `typeId`, `authorId`, `postDate`, `expiryDate`, `dateCreated`, `dateUpdated`, `uid`) VALUES
 ('2', '1', '1', NULL, '2018-01-18 21:41:44', NULL, '2017-08-09 07:48:02', '2018-01-18 21:41:44', '5b3016cc-b01a-47af-b230-782c1a314bf7'),
 ('4', '3', NULL, NULL, '2018-01-18 21:42:28', NULL, '2018-01-18 21:42:28', '2018-01-18 22:09:10', 'c06d9730-b1e2-4d79-b789-4875b8bdb843'),
 ('5', '4', NULL, NULL, '2018-01-18 21:42:46', NULL, '2018-01-18 21:42:46', '2018-01-19 20:55:48', 'dfd8181c-7dc7-42c5-bcd3-d01987162bbf'),
 ('6', '5', NULL, NULL, '2018-01-18 21:43:15', NULL, '2018-01-18 21:43:15', '2018-01-19 20:50:57', 'f3e2c9cf-0f9f-48db-a7b0-20af69d3613f'),
 ('7', '6', NULL, NULL, '2018-01-18 21:43:31', NULL, '2018-01-18 21:43:31', '2018-01-19 00:46:54', 'a306d194-8873-4444-bf9c-ea898b39f86d');



DROP TABLE IF EXISTS `craft_entrydrafts`;


--
-- Schema for table `craft_entrydrafts`
--
CREATE TABLE `craft_entrydrafts` (
  `id` int(11) NOT NULL AUTO_INCREMENT,
  `entryId` int(11) NOT NULL,
  `sectionId` int(11) NOT NULL,
  `creatorId` int(11) NOT NULL,
  `locale` char(12) COLLATE utf8_unicode_ci NOT NULL,
  `name` varchar(255) COLLATE utf8_unicode_ci NOT NULL,
  `notes` tinytext COLLATE utf8_unicode_ci DEFAULT NULL,
  `data` mediumtext COLLATE utf8_unicode_ci NOT NULL,
  `dateCreated` datetime NOT NULL,
  `dateUpdated` datetime NOT NULL,
  `uid` char(36) COLLATE utf8_unicode_ci NOT NULL DEFAULT '0',
  PRIMARY KEY (`id`),
  KEY `craft_entrydrafts_entryId_locale_idx` (`entryId`,`locale`),
  KEY `craft_entrydrafts_sectionId_fk` (`sectionId`),
  KEY `craft_entrydrafts_creatorId_fk` (`creatorId`),
  KEY `craft_entrydrafts_locale_fk` (`locale`)
) ENGINE=InnoDB DEFAULT CHARSET=utf8 COLLATE=utf8_unicode_ci;

DROP TABLE IF EXISTS `craft_entrytypes`;


--
-- Schema for table `craft_entrytypes`
--
CREATE TABLE `craft_entrytypes` (
  `id` int(11) NOT NULL AUTO_INCREMENT,
  `sectionId` int(11) NOT NULL,
  `fieldLayoutId` int(11) DEFAULT NULL,
  `name` varchar(255) COLLATE utf8_unicode_ci NOT NULL,
  `handle` varchar(255) COLLATE utf8_unicode_ci NOT NULL,
  `hasTitleField` tinyint(1) unsigned NOT NULL DEFAULT 1,
  `titleLabel` varchar(255) COLLATE utf8_unicode_ci DEFAULT 'Title',
  `titleFormat` varchar(255) COLLATE utf8_unicode_ci DEFAULT NULL,
  `sortOrder` smallint(6) unsigned DEFAULT NULL,
  `dateCreated` datetime NOT NULL,
  `dateUpdated` datetime NOT NULL,
  `uid` char(36) COLLATE utf8_unicode_ci NOT NULL DEFAULT '0',
  PRIMARY KEY (`id`),
  UNIQUE KEY `craft_entrytypes_name_sectionId_unq_idx` (`name`,`sectionId`),
  UNIQUE KEY `craft_entrytypes_handle_sectionId_unq_idx` (`handle`,`sectionId`),
  KEY `craft_entrytypes_sectionId_fk` (`sectionId`),
  KEY `craft_entrytypes_fieldLayoutId_fk` (`fieldLayoutId`)
) ENGINE=InnoDB AUTO_INCREMENT=7 DEFAULT CHARSET=utf8 COLLATE=utf8_unicode_ci;

--
-- Data for table `craft_entrytypes`
--

INSERT INTO `craft_entrytypes` (`id`, `sectionId`, `fieldLayoutId`, `name`, `handle`, `hasTitleField`, `titleLabel`, `titleFormat`, `sortOrder`, `dateCreated`, `dateUpdated`, `uid`) VALUES
 ('1', '1', '3', 'Home', 'homepage', '1', 'Title', NULL, '1', '2017-08-09 07:48:02', '2018-01-18 21:41:44', '95df751c-f87c-49e1-8bd0-08bd6a5ec41f'),
 ('3', '3', '10', 'Learn', 'learn', '0', NULL, '{section.name|raw}', '1', '2018-01-18 21:42:28', '2018-01-18 21:48:26', '95e41e21-2cae-49fa-afb4-4e5503f87e97'),
 ('4', '4', '24', 'Participate', 'participate', '0', NULL, '{section.name|raw}', '1', '2018-01-18 21:42:46', '2018-01-19 20:55:33', 'cd843bfc-88e7-48c0-8f18-7c7f0cb87ef7'),
 ('5', '5', '14', 'Artwork', 'artwork', '0', NULL, '{section.name|raw}', '1', '2018-01-18 21:43:15', '2018-01-19 00:48:38', 'b6490cd3-ee22-430b-a7e6-87e1ff03cbb8'),
 ('6', '6', '12', 'Contact', 'contact', '0', NULL, '{section.name|raw}', '1', '2018-01-18 21:43:31', '2018-01-19 00:42:32', '9b1e9e92-3885-45dd-9203-caf82c358a4b');



DROP TABLE IF EXISTS `craft_entryversions`;


--
-- Schema for table `craft_entryversions`
--
CREATE TABLE `craft_entryversions` (
  `id` int(11) NOT NULL AUTO_INCREMENT,
  `entryId` int(11) NOT NULL,
  `sectionId` int(11) NOT NULL,
  `creatorId` int(11) DEFAULT NULL,
  `locale` char(12) COLLATE utf8_unicode_ci NOT NULL,
  `num` smallint(6) unsigned NOT NULL,
  `notes` tinytext COLLATE utf8_unicode_ci DEFAULT NULL,
  `data` mediumtext COLLATE utf8_unicode_ci NOT NULL,
  `dateCreated` datetime NOT NULL,
  `dateUpdated` datetime NOT NULL,
  `uid` char(36) COLLATE utf8_unicode_ci NOT NULL DEFAULT '0',
  PRIMARY KEY (`id`),
  KEY `craft_entryversions_entryId_locale_idx` (`entryId`,`locale`),
  KEY `craft_entryversions_sectionId_fk` (`sectionId`),
  KEY `craft_entryversions_creatorId_fk` (`creatorId`),
  KEY `craft_entryversions_locale_fk` (`locale`)
) ENGINE=InnoDB AUTO_INCREMENT=23 DEFAULT CHARSET=utf8 COLLATE=utf8_unicode_ci;

--
-- Data for table `craft_entryversions`
--

INSERT INTO `craft_entryversions` (`id`, `entryId`, `sectionId`, `creatorId`, `locale`, `num`, `notes`, `data`, `dateCreated`, `dateUpdated`, `uid`) VALUES
 ('1', '2', '1', '1', 'en_nz', '1', NULL, '{\"typeId\":\"1\",\"authorId\":null,\"title\":\"Homepage\",\"slug\":\"homepage\",\"postDate\":1502264882,\"expiryDate\":null,\"enabled\":1,\"parentId\":null,\"fields\":[]}', '2017-08-09 07:48:02', '2017-08-09 07:48:02', '4433ba84-66e1-4ecb-89fc-029fd514e46b'),
 ('2', '2', '1', '1', 'en_nz', '2', NULL, '{\"typeId\":null,\"authorId\":null,\"title\":\"Welcome to Safefromharm.dev!\",\"slug\":\"homepage\",\"postDate\":1502264882,\"expiryDate\":null,\"enabled\":\"1\",\"parentId\":null,\"fields\":{\"1\":\"<p>It\\u2019s true, this site doesn\\u2019t have a whole lot of content yet, but don\\u2019t worry. Our web developers have just installed the CMS, and they\\u2019re setting things up for the content editors this very moment. Soon Safefromharm.dev will be an oasis of fresh perspectives, sharp analyses, and astute opinions that will keep you coming back again and again.<\\/p>\"}}', '2017-08-09 07:48:02', '2017-08-09 07:48:02', '7aeae2f7-1f52-4fea-86a1-a3f9b9929df2'),
 ('4', '2', '1', '1', 'en_nz', '3', '', '{\"typeId\":null,\"authorId\":null,\"title\":\"Home\",\"slug\":\"homepage\",\"postDate\":1502264882,\"expiryDate\":null,\"enabled\":1,\"parentId\":null,\"fields\":{\"1\":\"<p>Empty<\\/p>\"}}', '2018-01-18 19:31:51', '2018-01-18 19:31:51', 'baae1b9f-0626-4b32-a3d8-751b19aaaf68'),
 ('5', '4', '3', '1', 'en_nz', '1', NULL, '{\"typeId\":\"3\",\"authorId\":null,\"title\":\"Learn\",\"slug\":\"learn\",\"postDate\":1516311748,\"expiryDate\":null,\"enabled\":1,\"parentId\":null,\"fields\":[]}', '2018-01-18 21:42:28', '2018-01-18 21:42:28', 'db3826a5-ca58-4b16-a94e-0f1ab5ce461b'),
 ('6', '5', '4', '1', 'en_nz', '1', NULL, '{\"typeId\":\"4\",\"authorId\":null,\"title\":\"Participate\",\"slug\":\"participate\",\"postDate\":1516311766,\"expiryDate\":null,\"enabled\":1,\"parentId\":null,\"fields\":[]}', '2018-01-18 21:42:46', '2018-01-18 21:42:46', '55fdac32-a2be-407b-84be-389cbcb233cf'),
 ('7', '6', '5', '1', 'en_nz', '1', NULL, '{\"typeId\":\"5\",\"authorId\":null,\"title\":\"Artwork\",\"slug\":\"artwork\",\"postDate\":1516311795,\"expiryDate\":null,\"enabled\":1,\"parentId\":null,\"fields\":[]}', '2018-01-18 21:43:15', '2018-01-18 21:43:15', '474c2c97-9739-4deb-a4d3-502870fde60b'),
 ('8', '7', '6', '1', 'en_nz', '1', NULL, '{\"typeId\":\"6\",\"authorId\":null,\"title\":\"Contact\",\"slug\":\"contact\",\"postDate\":1516311811,\"expiryDate\":null,\"enabled\":1,\"parentId\":null,\"fields\":[]}', '2018-01-18 21:43:31', '2018-01-18 21:43:31', '17a0dda8-31b6-4d13-9dbc-1ed3d73c3951'),
 ('9', '4', '3', '1', 'en_nz', '2', '', '{\"typeId\":null,\"authorId\":null,\"title\":\"Learn\",\"slug\":\"learn\",\"postDate\":1516311748,\"expiryDate\":null,\"enabled\":1,\"parentId\":null,\"fields\":{\"4\":\"\",\"3\":\"One of my closest friends was sexually assaulted - something that has happened to 1 in 5 women in our country. In an attempt to help her claim her body back, chip away at these statistics & keep others Safe From Harm, I sought to respectfully address the issue through the arts.\\r\\n\\r\\nAssaults most frequently happen in homes, behind closed doors. This happens to be where artwork lives and why this medium was chosen for the project. I want to get the artwork & its messaging onto the walls of as many womens homes, flats, and bedrooms as possible, where these things can happen. Think of it as artistic & political product-placement. \\r\\n\\r\\nI aspire that this artwork serves as a symbol of empowerment to the women of New Zealand and I want the work to create much needed learning for men. An artwork designed to generate both conversation & change.\\r\\n\\r\\nNew Zealand has pioneered women\\u2019s rights for over a century with strong, resilient women at the front line. I hope together through art, conversation and respect, we can keep others Safe From Harm.\"}}', '2018-01-18 21:49:11', '2018-01-18 21:49:11', '56dd94c9-22f5-4330-bfd5-01b2ee87c300'),
 ('10', '4', '3', '1', 'en_nz', '3', '', '{\"typeId\":null,\"authorId\":null,\"title\":\"Learn\",\"slug\":\"learn\",\"postDate\":1516311748,\"expiryDate\":null,\"enabled\":1,\"parentId\":null,\"fields\":{\"4\":\"<p>Tell me why you think consent is important (HERE link to<span class=\\\"Apple-converted-space\\\">&nbsp;<\\/span><a href=\\\"http:\\/\\/instagram.com\\/andrewj.steel\\\" target=\\\"_blank\\\" data-saferedirecturl=\\\"https:\\/\\/www.google.com\\/url?q=http:\\/\\/instagram.com\\/andrewj.steel&source=gmail&ust=1516394808958000&usg=AFQjCNHvkjvmPgmfPo2igzd_gDVihvtzzg\\\"><b>instagram.com\\/andrewj.steel<\\/b><\\/a>)&nbsp;<\\/p>\\r\\n<p>I\\u2019ve produced a 45-piece limited edition artwork of my dear friend, captured elegantly by<span class=\\\"Apple-converted-space\\\">&nbsp;<\\/span>(Matt QuereeLINK)<span class=\\\"Apple-converted-space\\\">&nbsp;<\\/span>and presented to you here. I worked closely with my friend, and then with a small group of strong New Zealand women to receive the artwork, get feedback and then release one year on from her assault.<\\/p>\\r\\n<p>The artworks (limited edition to 45 pieces) and smaller postcard (unlimited) version are given away free, strictly to women, who comment why they think \\u201c<i>consent is cool<\\/i>\\u201d on<span class=\\\"Apple-converted-space\\\">&nbsp;<\\/span>(instagram link).<span class=\\\"Apple-converted-space\\\">&nbsp;<\\/span>This gives a voice to consent, seeking to empower the New Zealand female and also serves as a place to learn, educating male readers.<br>While art cant change this alone, this project aspires to join the growing movement. <br><\\/p><p>Project runs live for 7 days from 22\\/1 - 29\\/1.<\\/p>\",\"3\":\"<p>One of my closest friends was sexually assaulted - something that has happened to 1 in 5 women in our country. In an attempt to help her claim her body back, chip away at these statistics & keep others Safe From Harm, I sought to respectfully address the issue through the arts.<\\/p>\\r\\n<p>Assaults most frequently happen in homes, behind closed doors. This happens to be where artwork lives and why this medium was chosen for the project. I want to get the artwork & its messaging onto the walls of as many women\'s homes, flats, and bedrooms as possible, where these things can happen. Think of it as artistic & political product-placement. <\\/p>\\r\\n<p>I aspire that this artwork serves as a symbol of empowerment to the women of New Zealand and I want the work to create much needed learning for men. An artwork designed to generate both conversation & change.<\\/p>\\r\\n<p>New Zealand has pioneered women\\u2019s rights for over a century with strong, resilient women at the front line. I hope together through art, conversation and respect, we can keep others Safe From Harm.<\\/p>\"}}', '2018-01-18 21:51:19', '2018-01-18 21:51:19', 'c1ec7ecc-175b-4cf4-9dc7-ffff8ff0e153'),
 ('11', '4', '3', '1', 'en_nz', '4', '', '{\"typeId\":null,\"authorId\":null,\"title\":\"Learn\",\"slug\":\"learn\",\"postDate\":1516311748,\"expiryDate\":null,\"enabled\":1,\"parentId\":null,\"fields\":{\"4\":\"<p>Tell me why you think consent is important <a href=\\\"https:\\/\\/instagram.com\\/andrewj.steel\\\" target=\\\"_blank\\\" rel=\\\"noreferrer noopener\\\">here<\\/a>.<\\/p>\\r\\n<p>I\\u2019ve produced a 45-piece limited edition artwork of my dear friend, captured elegantly by <a href=\\\"https:\\/\\/mattqueree.com\\\" target=\\\"_blank\\\">Matt Queree<\\/a> and presented to you here. I worked closely with my friend, and then with a small group of strong New Zealand women to receive the artwork, get feedback and then release one year on from her assault.<\\/p>\\r\\n<p>The artworks (limited edition to 45 pieces) and smaller postcard (unlimited) version are given away free, strictly to women, who comment why they think \\u201c<em>consent is cool<\\/em>\\u201d on <a href=\\\"https:\\/\\/instagram.com\\/andrewj.steel\\\" target=\\\"_blank\\\">Instagram<\\/a>.&nbsp;This gives a voice to consent, seeking to empower the New Zealand female and also serves as a place to learn, educating male readers.<\\/p><p>While art can\'t change this alone, this project aspires to join the growing movement. <\\/p>\\r\\n<p>Project runs live for 7 days from 22\\/1 - 29\\/1.<\\/p>\",\"3\":\"<p>One of my closest friends was sexually assaulted - something that has happened to 1 in 5 women in our country. In an attempt to help her claim her body back, chip away at these statistics & keep others Safe From Harm, I sought to respectfully address the issue through the arts.<\\/p>\\r\\n<p>Assaults most frequently happen in homes, behind closed doors. This happens to be where artwork lives and why this medium was chosen for the project. I want to get the artwork & its messaging onto the walls of as many women\'s homes, flats, and bedrooms as possible, where these things can happen. Think of it as artistic & political product-placement. <\\/p>\\r\\n<p>I aspire that this artwork serves as a symbol of empowerment to the women of New Zealand and I want the work to create much needed learning for men. An artwork designed to generate both conversation & change.<\\/p>\\r\\n<p>New Zealand has pioneered women\\u2019s rights for over a century with strong, resilient women at the front line. I hope together through art, conversation and respect, we can keep others Safe From Harm.<\\/p>\"}}', '2018-01-18 21:53:29', '2018-01-18 21:53:29', '4a262223-9cb3-4c27-94d0-d4c3575480d4'),
 ('12', '4', '3', '1', 'en_nz', '5', '', '{\"typeId\":null,\"authorId\":null,\"title\":\"Learn\",\"slug\":\"learn\",\"postDate\":1516311748,\"expiryDate\":null,\"enabled\":1,\"parentId\":null,\"fields\":{\"4\":\"<p>Tell me why you think consent is important <a href=\\\"https:\\/\\/instagram.com\\/andrewj.steel\\\" target=\\\"_blank\\\" rel=\\\"noreferrer noopener\\\">here<\\/a>.<br><br><\\/p>\\r\\n<p>I\\u2019ve produced a 45-piece limited edition artwork of my dear friend, captured elegantly by <a href=\\\"https:\\/\\/mattqueree.com\\\" target=\\\"_blank\\\" rel=\\\"noreferrer noopener\\\">Matt Queree<\\/a> and presented to you here. I worked closely with my friend, and then with a small group of strong New Zealand women to receive the artwork, get feedback and then release one year on from her assault.<br><br><\\/p>\\r\\n<p>The artworks (limited edition to 45 pieces) and smaller postcard (unlimited) version are given away free, strictly to women, who comment why they think \\u201c<em>consent is cool<\\/em>\\u201d on <a href=\\\"https:\\/\\/instagram.com\\/andrewj.steel\\\" target=\\\"_blank\\\" rel=\\\"noreferrer noopener\\\">Instagram<\\/a>.&nbsp;This gives a voice to consent, seeking to empower the New Zealand female and also serves as a place to learn, educating male readers.<br><br><\\/p>\\r\\n<p>While art can\'t change this alone, this project aspires to join the growing movement. <br><br><\\/p>\\r\\n<p>Project runs live for 7 days from 22\\/1 - 29\\/1.<\\/p>\",\"3\":\"<p>One of my closest friends was sexually assaulted - something that has happened to 1 in 5 women in our country. In an attempt to help her claim her body back, chip away at these statistics & keep others Safe From Harm, I sought to respectfully address the issue through the arts.<br><br><\\/p>\\r\\n<p>Assaults most frequently happen in homes, behind closed doors. This happens to be where artwork lives and why this medium was chosen for the project. I want to get the artwork & its messaging onto the walls of as many women\'s homes, flats, and bedrooms as possible, where these things can happen. Think of it as artistic & political product-placement. <br><br><\\/p>\\r\\n<p>I aspire that this artwork serves as a symbol of empowerment to the women of New Zealand and I want the work to create much needed learning for men. An artwork designed to generate both conversation & change.<br><br><\\/p>\\r\\n<p>New Zealand has pioneered women\\u2019s rights for over a century with strong, resilient women at the front line. I hope together through art, conversation and respect, we can keep others Safe From Harm.<\\/p>\"}}', '2018-01-18 21:57:53', '2018-01-18 21:57:53', '39b49fbd-0d28-4bea-b6ab-0772b34d15f8'),
 ('13', '4', '3', '1', 'en_nz', '6', '', '{\"typeId\":null,\"authorId\":null,\"title\":\"Learn\",\"slug\":\"learn\",\"postDate\":1516311748,\"expiryDate\":null,\"enabled\":1,\"parentId\":null,\"fields\":{\"4\":\"<p>Tell me why you think consent is important <a href=\\\"https:\\/\\/instagram.com\\/andrewj.steel\\\" target=\\\"_blank\\\" rel=\\\"noreferrer noopener\\\">here<\\/a>.<br><br><\\/p>\\r\\n<p>I\\u2019ve produced a 45-piece limited edition artwork of my dear friend, captured elegantly by <a href=\\\"https:\\/\\/mattqueree.com\\\" target=\\\"_blank\\\" rel=\\\"noreferrer noopener\\\">Matt Queree<\\/a> and presented to you here. I worked closely with my friend, and then with a small group of strong New Zealand women to receive the artwork, get feedback and then release one year on from her assault.<br><br><\\/p>\\r\\n<p>The artworks (limited edition to 45 pieces) and smaller postcard (unlimited) version are given away free, strictly to women, who comment why they think \\u201c<em>consent is cool<\\/em>\\u201d on <a href=\\\"https:\\/\\/instagram.com\\/andrewj.steel\\\" target=\\\"_blank\\\" rel=\\\"noreferrer noopener\\\">Instagram<\\/a>.&nbsp;This gives a voice to consent, seeking to empower the New Zealand female and also serves as a place to learn, educating male readers.<br><br><\\/p>\\r\\n<p>While art can\'t change this alone, this project aspires to join the growing movement. <br><br><\\/p>\\r\\n<p>Project runs live for 7 days from 22\\/1 - 29\\/1.<\\/p>\",\"3\":\"<p>One of my closest friends was sexually assaulted - something that has happened to 1 in 5 women in our country. In an attempt to help her claim her body back, chip away at these statistics & keep others Safe From Harm, I sought to respectfully address the issue through the arts.<br><br>Assaults most frequently happen in homes, behind closed doors. This happens to be where artwork lives and why this medium was chosen for the project. I want to get the artwork & its messaging onto the walls of as many women\'s homes, flats, and bedrooms as possible, where these things can happen. Think of it as artistic & political product-placement. <br><br><\\/p>\\r\\n<p>I aspire that this artwork serves as a symbol of empowerment to the women of New Zealand and I want the work to create much needed learning for men. An artwork designed to generate both conversation & change.<br><br><\\/p>\\r\\n<p>New Zealand has pioneered women\\u2019s rights for over a century with strong, resilient women at the front line. I hope together through art, conversation and respect, we can keep others Safe From Harm.<\\/p>\"}}', '2018-01-18 22:02:12', '2018-01-18 22:02:12', 'cf6c5ecd-0572-4874-9e76-db68c6eb39fd'),
 ('14', '4', '3', '1', 'en_nz', '7', '', '{\"typeId\":null,\"authorId\":null,\"title\":\"Learn\",\"slug\":\"learn\",\"postDate\":1516311748,\"expiryDate\":null,\"enabled\":1,\"parentId\":null,\"fields\":{\"4\":\"<p>Tell me why you think consent is important <a href=\\\"https:\\/\\/instagram.com\\/andrewj.steel\\\" target=\\\"_blank\\\" rel=\\\"noreferrer noopener\\\">here<\\/a>.<br><br><\\/p>\\r\\n<p>I\\u2019ve produced a 45-piece limited edition artwork of my dear friend, captured elegantly by <a href=\\\"https:\\/\\/mattqueree.com\\\" target=\\\"_blank\\\" rel=\\\"noreferrer noopener\\\">Matt Queree<\\/a> and presented to you here. I worked closely with my friend, and then with a small group of strong New Zealand women to receive the artwork, get feedback and then release one year on from her assault.<br><br><\\/p>\\r\\n<p>The artworks (limited edition to 45 pieces) and smaller postcard (unlimited) version are given away free, strictly to women, who comment why they think \\u201c<em>consent is cool<\\/em>\\u201d on <a href=\\\"https:\\/\\/instagram.com\\/andrewj.steel\\\" target=\\\"_blank\\\" rel=\\\"noreferrer noopener\\\">Instagram<\\/a>.&nbsp;This gives a voice to consent, seeking to empower the New Zealand female and also serves as a place to learn, educating male readers.<br><br><\\/p>\\r\\n<p>While art can\'t change this alone, this project aspires to join the growing movement. <br><br><\\/p>\\r\\n<p>Project runs live for 7 days from 22\\/1 - 29\\/1.<\\/p>\",\"3\":\"<p>One of my closest friends was sexually assaulted - something that has happened to 1 in 5 women in our country. In an attempt to help her claim her body back, chip away at these statistics & keep others Safe From Harm, I sought to respectfully address the issue through the arts.<br><br>Assaults most frequently happen in homes, behind closed doors. This happens to be where artwork lives and why this medium was chosen for the project. I want to get the artwork & its messaging onto the walls of as many women\'s homes, flats, and bedrooms as possible, where these things can happen. Think of it as artistic & political product-placement. <br><br>I aspire that this artwork serves as a symbol of empowerment to the women of New Zealand and I want the work to create much needed learning for men. An artwork designed to generate both conversation & change. <br><br>New Zealand has pioneered women\\u2019s rights for over a century with strong, resilient women at the front line. I hope together through art, conversation and respect, we can keep others Safe From Harm.<\\/p>\\r\\n\"}}', '2018-01-18 22:02:27', '2018-01-18 22:02:27', '5dba9897-19bd-4d73-85ec-cdbc6365c12a'),
 ('15', '4', '3', '1', 'en_nz', '8', '', '{\"typeId\":null,\"authorId\":null,\"title\":\"Learn\",\"slug\":\"learn\",\"postDate\":1516311748,\"expiryDate\":null,\"enabled\":1,\"parentId\":null,\"fields\":{\"4\":\"<p>Tell me why you think consent is important <a href=\\\"https:\\/\\/instagram.com\\/andrewj.steel\\\" target=\\\"_blank\\\" rel=\\\"noreferrer noopener\\\">here<\\/a>. <br><br>I\\u2019ve produced a 45-piece limited edition artwork of my dear friend, captured elegantly by <a href=\\\"https:\\/\\/mattqueree.com\\\" target=\\\"_blank\\\" rel=\\\"noreferrer noopener\\\">Matt Queree<\\/a> and presented to you here. I worked closely with my friend, and then with a small group of strong New Zealand women to receive the artwork, get feedback and then release one year on from her assault. <br><br>The artworks (limited edition to 45 pieces) and smaller postcard (unlimited) version are given away free, strictly to women, who comment why they think \\u201c<em>consent is cool<\\/em>\\u201d on <a href=\\\"https:\\/\\/instagram.com\\/andrewj.steel\\\" target=\\\"_blank\\\" rel=\\\"noreferrer noopener\\\">Instagram<\\/a>.&nbsp;This gives a voice to consent, seeking to empower the New Zealand female and also serves as a place to learn, educating male readers. <br><br>While art can\'t change this alone, this project aspires to join the growing movement. <br><br>Project runs live for 7 days from 22\\/1 - 29\\/1.<\\/p>\\r\\n\",\"3\":\"<p>One of my closest friends was sexually assaulted - something that has happened to 1 in 5 women in our country. In an attempt to help her claim her body back, chip away at these statistics & keep others Safe From Harm, I sought to respectfully address the issue through the arts.<br><br>Assaults most frequently happen in homes, behind closed doors. This happens to be where artwork lives and why this medium was chosen for the project. I want to get the artwork & its messaging onto the walls of as many women\'s homes, flats, and bedrooms as possible, where these things can happen. Think of it as artistic & political product-placement. <br><br>I aspire that this artwork serves as a symbol of empowerment to the women of New Zealand and I want the work to create much needed learning for men. An artwork designed to generate both conversation & change. <br><br>New Zealand has pioneered women\\u2019s rights for over a century with strong, resilient women at the front line. I hope together through art, conversation and respect, we can keep others Safe From Harm.<\\/p>\"}}', '2018-01-18 22:02:51', '2018-01-18 22:02:51', 'ed56d7cf-e24b-491f-b3e0-df69032e88a6'),
 ('16', '4', '3', '1', 'en_nz', '9', '', '{\"typeId\":null,\"authorId\":null,\"title\":\"Learn\",\"slug\":\"learn\",\"postDate\":1516311748,\"expiryDate\":null,\"enabled\":1,\"parentId\":null,\"fields\":{\"4\":\"<p>Tell me why you think consent is important <a href=\\\"https:\\/\\/instagram.com\\/andrewj.steel\\\" target=\\\"_blank\\\" rel=\\\"noreferrer noopener\\\">here<\\/a>. <br><br>I\\u2019ve produced a 45-piece limited edition artwork of my dear friend, captured elegantly by <a href=\\\"https:\\/\\/mattqueree.com\\\" target=\\\"_blank\\\" rel=\\\"noreferrer noopener\\\">Matt Queree<\\/a> and presented to you here. I worked closely with my friend, and then with a small group of strong New Zealand women to receive the artwork, get feedback and then release one year on from her assault. <br><br>The artworks (limited edition to 45 pieces) and smaller postcard (unlimited) version are given away free, strictly to women, who comment why they think \\u201c<em>consent is cool<\\/em>\\u201d on <a href=\\\"https:\\/\\/instagram.com\\/andrewj.steel\\\" target=\\\"_blank\\\" rel=\\\"noreferrer noopener\\\">Instagram<\\/a>.&nbsp;This gives a voice to consent, seeking to empower the New Zealand female and also serves as a place to learn, educating male readers. <br><br>While art can\'t change this alone, this project aspires to join the growing movement. <br><br>Project runs live for 7 days from 22\\/1 - 29\\/1. <br><br>S<i>afe From Harm is a personal project conceptualised & self funded by artist Andrew J. Steel.<\\/i><br><\\/p>\",\"3\":\"<p>One of my closest friends was sexually assaulted - something that has happened to 1 in 5 women in our country. In an attempt to help her claim her body back, chip away at these statistics & keep others Safe From Harm, I sought to respectfully address the issue through the arts.<br><br>Assaults most frequently happen in homes, behind closed doors. This happens to be where artwork lives and why this medium was chosen for the project. I want to get the artwork & its messaging onto the walls of as many women\'s homes, flats, and bedrooms as possible, where these things can happen. Think of it as artistic & political product-placement. <br><br>I aspire that this artwork serves as a symbol of empowerment to the women of New Zealand and I want the work to create much needed learning for men. An artwork designed to generate both conversation & change. <br><br>New Zealand has pioneered women\\u2019s rights for over a century with strong, resilient women at the front line. I hope together through art, conversation and respect, we can keep others Safe From Harm.<\\/p>\"}}', '2018-01-18 22:09:10', '2018-01-18 22:09:10', '29a88fee-1046-4aa3-a14b-20f740e5e195'),
 ('17', '5', '4', '1', 'en_nz', '2', '', '{\"typeId\":null,\"authorId\":null,\"title\":\"Participate\",\"slug\":\"participate\",\"postDate\":1516311766,\"expiryDate\":null,\"enabled\":1,\"parentId\":null,\"fields\":{\"5\":\"Please note you are entering a \\u2018lottery\\u2019 for the works. All legible participants will receive a copy of an artwork - either A3 fine art print or A6 post card -  at artists discretion. T & C\\u2019s (running 7 days, women only, 45 prints, unlimited cards).\"}}', '2018-01-18 22:12:33', '2018-01-18 22:12:33', 'fba2d08a-5743-4ff3-bfd2-4368f93051ea'),
 ('18', '7', '6', '1', 'en_nz', '2', '', '{\"typeId\":null,\"authorId\":null,\"title\":\"Contact\",\"slug\":\"contact\",\"postDate\":1516311811,\"expiryDate\":null,\"enabled\":1,\"parentId\":null,\"fields\":{\"6\":\"<p>Media & general inquiries:<br><a href=\\\"mailto:safefromharm@andrewjsteel.com\\\">safefromharm@andrewjsteel.com<\\/a><br><br>Need help?<br><a href=\\\"https:\\/\\/www.instagram.com\\/andrewj.steel\\/\\\" target=\\\"_blank\\\">Instagram<\\/a><br><\\/p>\"}}', '2018-01-19 00:46:54', '2018-01-19 00:46:54', '1b3df7c1-e528-4e0d-9d64-3bf56ddbbee7'),
 ('19', '6', '5', '1', 'en_nz', '2', '', '{\"typeId\":null,\"authorId\":null,\"title\":\"Artwork\",\"slug\":\"artwork\",\"postDate\":1516311795,\"expiryDate\":null,\"enabled\":1,\"parentId\":null,\"fields\":{\"7\":{\"new1\":{\"type\":\"art\",\"enabled\":\"1\",\"fields\":{\"image\":[\"10\"]}}}}}', '2018-01-19 20:31:50', '2018-01-19 20:31:50', 'b187cd2e-3464-49e6-9025-98520e527800'),
 ('20', '6', '5', '1', 'en_nz', '3', '', '{\"typeId\":null,\"authorId\":null,\"title\":\"Artwork\",\"slug\":\"artwork\",\"postDate\":1516311795,\"expiryDate\":null,\"enabled\":1,\"parentId\":null,\"fields\":{\"7\":{\"11\":{\"type\":\"art\",\"enabled\":\"1\",\"fields\":{\"image\":[\"10\"]}},\"new1\":{\"type\":\"art\",\"enabled\":\"1\",\"fields\":{\"image\":[\"12\"]}}}}}', '2018-01-19 20:49:56', '2018-01-19 20:49:56', '454a8d0a-9a9b-4559-b334-5983461f2d0e'),
 ('21', '6', '5', '1', 'en_nz', '4', '', '{\"typeId\":null,\"authorId\":null,\"title\":\"Artwork\",\"slug\":\"artwork\",\"postDate\":1516311795,\"expiryDate\":null,\"enabled\":1,\"parentId\":null,\"fields\":{\"7\":{\"11\":{\"type\":\"art\",\"enabled\":\"1\",\"fields\":{\"image\":[\"10\"]}},\"13\":{\"type\":\"art\",\"enabled\":\"1\",\"fields\":{\"image\":[\"12\"]}},\"new1\":{\"type\":\"art\",\"enabled\":\"1\",\"fields\":{\"image\":[\"14\"]}},\"new2\":{\"type\":\"art\",\"enabled\":\"1\",\"fields\":{\"image\":[\"15\"]}}}}}', '2018-01-19 20:50:57', '2018-01-19 20:50:57', 'fae4cca8-9d3f-4fcc-ba6f-da882075df31'),
 ('22', '5', '4', '1', 'en_nz', '3', '', '{\"typeId\":null,\"authorId\":null,\"title\":\"Participate\",\"slug\":\"participate\",\"postDate\":1516311766,\"expiryDate\":null,\"enabled\":1,\"parentId\":null,\"fields\":{\"5\":\"Please note you are entering a \\u2018lottery\\u2019 for the works. All legible participants will receive a copy of an artwork - either A3 fine art print or A6 post card -  at artists discretion. T & C\\u2019s (running 7 days, women only, 45 prints, unlimited cards).\",\"15\":[\"14\"]}}', '2018-01-19 20:55:48', '2018-01-19 20:55:48', '5eb5151b-4960-4890-938e-032644bdba8c');



DROP TABLE IF EXISTS `craft_fieldgroups`;


--
-- Schema for table `craft_fieldgroups`
--
CREATE TABLE `craft_fieldgroups` (
  `id` int(11) NOT NULL AUTO_INCREMENT,
  `name` varchar(255) COLLATE utf8_unicode_ci NOT NULL,
  `dateCreated` datetime NOT NULL,
  `dateUpdated` datetime NOT NULL,
  `uid` char(36) COLLATE utf8_unicode_ci NOT NULL DEFAULT '0',
  PRIMARY KEY (`id`),
  UNIQUE KEY `craft_fieldgroups_name_unq_idx` (`name`)
) ENGINE=InnoDB AUTO_INCREMENT=3 DEFAULT CHARSET=utf8 COLLATE=utf8_unicode_ci;

--
-- Data for table `craft_fieldgroups`
--

INSERT INTO `craft_fieldgroups` (`id`, `name`, `dateCreated`, `dateUpdated`, `uid`) VALUES
 ('1', 'Default', '2017-08-09 07:48:02', '2017-08-09 07:48:02', 'fcc08fd6-1c56-4264-9266-806e60d017b2'),
 ('2', 'Form', '2018-01-19 11:35:19', '2018-01-19 11:35:19', '8d89fe65-fb3a-4c89-9b30-c5b0de634753');



DROP TABLE IF EXISTS `craft_fieldlayoutfields`;


--
-- Schema for table `craft_fieldlayoutfields`
--
CREATE TABLE `craft_fieldlayoutfields` (
  `id` int(11) NOT NULL AUTO_INCREMENT,
  `layoutId` int(11) NOT NULL,
  `tabId` int(11) NOT NULL,
  `fieldId` int(11) NOT NULL,
  `required` tinyint(1) unsigned NOT NULL DEFAULT 0,
  `sortOrder` smallint(6) unsigned DEFAULT NULL,
  `dateCreated` datetime NOT NULL,
  `dateUpdated` datetime NOT NULL,
  `uid` char(36) COLLATE utf8_unicode_ci NOT NULL DEFAULT '0',
  PRIMARY KEY (`id`),
  UNIQUE KEY `craft_fieldlayoutfields_layoutId_fieldId_unq_idx` (`layoutId`,`fieldId`),
  KEY `craft_fieldlayoutfields_sortOrder_idx` (`sortOrder`),
  KEY `craft_fieldlayoutfields_tabId_fk` (`tabId`),
  KEY `craft_fieldlayoutfields_fieldId_fk` (`fieldId`)
) ENGINE=InnoDB AUTO_INCREMENT=24 DEFAULT CHARSET=utf8 COLLATE=utf8_unicode_ci;

--
-- Data for table `craft_fieldlayoutfields`
--

INSERT INTO `craft_fieldlayoutfields` (`id`, `layoutId`, `tabId`, `fieldId`, `required`, `sortOrder`, `dateCreated`, `dateUpdated`, `uid`) VALUES
 ('1', '3', '1', '1', '1', '1', '2017-08-09 07:48:02', '2017-08-09 07:48:02', '28322457-2edd-4790-b6b0-65a0dda67abe'),
 ('4', '10', '3', '3', '0', '1', '2018-01-18 21:48:26', '2018-01-18 21:48:26', '0b15c21a-bb80-4e73-8528-c30e2d305376'),
 ('5', '10', '3', '4', '0', '2', '2018-01-18 21:48:26', '2018-01-18 21:48:26', '4b406e32-8224-487e-9b43-791bea0ffdb4'),
 ('7', '12', '5', '6', '0', '1', '2018-01-19 00:42:32', '2018-01-19 00:42:32', '68553b47-bc3f-4172-89be-9608a51d9846'),
 ('8', '13', '6', '8', '1', '1', '2018-01-19 00:48:21', '2018-01-19 00:48:21', '28af0f80-b098-45c2-b14f-22e01b7e37e5'),
 ('9', '14', '7', '7', '0', '1', '2018-01-19 00:48:38', '2018-01-19 00:48:38', '82b96c5a-253c-4134-bb97-6f613e4f581e'),
 ('16', '22', '9', '9', '1', '1', '2018-01-19 19:13:19', '2018-01-19 19:13:19', '0d56d8d4-4353-4963-b8e5-7403150910f1'),
 ('17', '22', '9', '10', '1', '2', '2018-01-19 19:13:19', '2018-01-19 19:13:19', '53438069-4cad-497b-a10f-2f9da4cb1424'),
 ('18', '22', '9', '11', '1', '3', '2018-01-19 19:13:19', '2018-01-19 19:13:19', '67ae1b34-65a4-4044-aba6-eb2fd465e26a'),
 ('19', '22', '9', '12', '0', '4', '2018-01-19 19:13:19', '2018-01-19 19:13:19', '3802d46d-0748-47fd-92f2-3df9e43353d8'),
 ('20', '22', '9', '13', '1', '5', '2018-01-19 19:13:19', '2018-01-19 19:13:19', 'd587f462-ad34-45ab-a4bd-4b75fdebcb99'),
 ('21', '22', '9', '14', '0', '6', '2018-01-19 19:13:19', '2018-01-19 19:13:19', '2781f39c-e6d7-4777-8cb4-5c16f95a4f15'),
 ('22', '24', '10', '15', '1', '1', '2018-01-19 20:55:33', '2018-01-19 20:55:33', '37238343-14cb-499a-aa03-549c475978fc'),
 ('23', '24', '10', '5', '0', '2', '2018-01-19 20:55:33', '2018-01-19 20:55:33', '793af15c-71d6-460c-95ab-68131efed6e5');



DROP TABLE IF EXISTS `craft_fieldlayouts`;


--
-- Schema for table `craft_fieldlayouts`
--
CREATE TABLE `craft_fieldlayouts` (
  `id` int(11) NOT NULL AUTO_INCREMENT,
  `type` varchar(150) COLLATE utf8_unicode_ci NOT NULL,
  `dateCreated` datetime NOT NULL,
  `dateUpdated` datetime NOT NULL,
  `uid` char(36) COLLATE utf8_unicode_ci NOT NULL DEFAULT '0',
  PRIMARY KEY (`id`),
  KEY `craft_fieldlayouts_type_idx` (`type`)
) ENGINE=InnoDB AUTO_INCREMENT=25 DEFAULT CHARSET=utf8 COLLATE=utf8_unicode_ci;

--
-- Data for table `craft_fieldlayouts`
--

INSERT INTO `craft_fieldlayouts` (`id`, `type`, `dateCreated`, `dateUpdated`, `uid`) VALUES
 ('1', 'Tag', '2017-08-09 07:48:02', '2017-08-09 07:48:02', 'ede646cd-b77f-47e1-8d73-ee7c20808125'),
 ('3', 'Entry', '2017-08-09 07:48:02', '2017-08-09 07:48:02', '5063bfdd-db3c-49f5-87b6-f3172a3c5446'),
 ('10', 'Entry', '2018-01-18 21:48:26', '2018-01-18 21:48:26', 'ed07d710-91fe-411c-af9c-49538d764eb8'),
 ('12', 'Entry', '2018-01-19 00:42:31', '2018-01-19 00:42:31', '1291e124-9c6b-4541-95a5-c92495ab2546'),
 ('13', 'MatrixBlock', '2018-01-19 00:48:21', '2018-01-19 00:48:21', 'deae1698-d739-4c3e-ba2a-b34c29daba66'),
 ('14', 'Entry', '2018-01-19 00:48:38', '2018-01-19 00:48:38', 'b4c316f9-96cd-45a3-8f0f-ea0736b45f21'),
 ('22', 'Asset', '2018-01-19 19:13:19', '2018-01-19 19:13:19', '9269fe96-02a9-4100-87c2-025654816aec'),
 ('23', 'Asset', '2018-01-19 20:24:04', '2018-01-19 20:24:04', 'e769923d-2efd-4b59-9aa1-3eedb332e98d'),
 ('24', 'Entry', '2018-01-19 20:55:33', '2018-01-19 20:55:33', 'e30bf3f6-ce8f-42b1-8a40-21d065f16779');



DROP TABLE IF EXISTS `craft_fieldlayouttabs`;


--
-- Schema for table `craft_fieldlayouttabs`
--
CREATE TABLE `craft_fieldlayouttabs` (
  `id` int(11) NOT NULL AUTO_INCREMENT,
  `layoutId` int(11) NOT NULL,
  `name` varchar(255) COLLATE utf8_unicode_ci NOT NULL,
  `sortOrder` smallint(6) unsigned DEFAULT NULL,
  `dateCreated` datetime NOT NULL,
  `dateUpdated` datetime NOT NULL,
  `uid` char(36) COLLATE utf8_unicode_ci NOT NULL DEFAULT '0',
  PRIMARY KEY (`id`),
  KEY `craft_fieldlayouttabs_sortOrder_idx` (`sortOrder`),
  KEY `craft_fieldlayouttabs_layoutId_fk` (`layoutId`)
) ENGINE=InnoDB AUTO_INCREMENT=11 DEFAULT CHARSET=utf8 COLLATE=utf8_unicode_ci;

--
-- Data for table `craft_fieldlayouttabs`
--

INSERT INTO `craft_fieldlayouttabs` (`id`, `layoutId`, `name`, `sortOrder`, `dateCreated`, `dateUpdated`, `uid`) VALUES
 ('1', '3', 'Content', '1', '2017-08-09 07:48:02', '2017-08-09 07:48:02', 'cc9303ae-94ef-45ef-bc1d-9d6aab45dccf'),
 ('3', '10', 'Content', '1', '2018-01-18 21:48:26', '2018-01-18 21:48:26', '4ceef79f-9b00-4299-8dcd-357f8cde6633'),
 ('5', '12', 'Contact', '1', '2018-01-19 00:42:32', '2018-01-19 00:42:32', 'c664ad7a-f1c7-44e9-82d5-d6d4ed9d6445'),
 ('6', '13', 'Content', '1', '2018-01-19 00:48:21', '2018-01-19 00:48:21', '61759214-0ff5-461b-a95a-5405b7af893f'),
 ('7', '14', 'Content', '1', '2018-01-19 00:48:38', '2018-01-19 00:48:38', '5210c423-d171-4bf2-9ebe-1e991a349724'),
 ('9', '22', 'Form', '1', '2018-01-19 19:13:19', '2018-01-19 19:13:19', 'a47bfece-7571-47ca-a0e2-a9ef67e6aed8'),
 ('10', '24', 'Contact', '1', '2018-01-19 20:55:33', '2018-01-19 20:55:33', 'a860ae20-d3b0-4c44-aede-276b008db457');



DROP TABLE IF EXISTS `craft_fields`;


--
-- Schema for table `craft_fields`
--
CREATE TABLE `craft_fields` (
  `id` int(11) NOT NULL AUTO_INCREMENT,
  `groupId` int(11) DEFAULT NULL,
  `name` varchar(255) COLLATE utf8_unicode_ci NOT NULL,
  `handle` varchar(58) COLLATE utf8_unicode_ci NOT NULL,
  `context` varchar(255) COLLATE utf8_unicode_ci NOT NULL DEFAULT 'global',
  `instructions` text COLLATE utf8_unicode_ci DEFAULT NULL,
  `translatable` tinyint(1) unsigned NOT NULL DEFAULT 0,
  `type` varchar(150) COLLATE utf8_unicode_ci NOT NULL,
  `settings` text COLLATE utf8_unicode_ci DEFAULT NULL,
  `dateCreated` datetime NOT NULL,
  `dateUpdated` datetime NOT NULL,
  `uid` char(36) COLLATE utf8_unicode_ci NOT NULL DEFAULT '0',
  PRIMARY KEY (`id`),
  UNIQUE KEY `craft_fields_handle_context_unq_idx` (`handle`,`context`),
  KEY `craft_fields_context_idx` (`context`),
  KEY `craft_fields_groupId_fk` (`groupId`)
) ENGINE=InnoDB AUTO_INCREMENT=16 DEFAULT CHARSET=utf8 COLLATE=utf8_unicode_ci;

--
-- Data for table `craft_fields`
--

INSERT INTO `craft_fields` (`id`, `groupId`, `name`, `handle`, `context`, `instructions`, `translatable`, `type`, `settings`, `dateCreated`, `dateUpdated`, `uid`) VALUES
 ('1', '1', 'Body', 'body', 'global', NULL, '1', 'RichText', '{\"configFile\":\"Standard.json\",\"columnType\":\"text\"}', '2017-08-09 07:48:02', '2017-08-09 07:48:02', '34ac47fd-02e9-4590-b4a0-01d3cceed254'),
 ('2', '1', 'Tags', 'tags', 'global', NULL, '0', 'Tags', '{\"source\":\"taggroup:1\"}', '2017-08-09 07:48:02', '2017-08-09 07:48:02', '7a932ca8-dbbe-4015-a0b5-8a7f0a0c1d7d'),
 ('3', '1', 'Learn', 'learn', 'global', '', '0', 'RichText', '{\"configFile\":\"Standard.json\",\"availableAssetSources\":\"*\",\"availableTransforms\":\"*\",\"cleanupHtml\":\"1\",\"purifyHtml\":\"1\",\"purifierConfig\":\"\",\"columnType\":\"text\"}', '2018-01-18 21:45:55', '2018-01-18 21:51:34', 'b3465ce2-44d4-4430-9ca5-822c714dbce4'),
 ('4', '1', 'How', 'how', 'global', '', '0', 'RichText', '{\"configFile\":\"Standard.json\",\"availableAssetSources\":\"*\",\"availableTransforms\":\"*\",\"cleanupHtml\":\"1\",\"purifyHtml\":\"1\",\"purifierConfig\":\"\",\"columnType\":\"text\"}', '2018-01-18 21:46:06', '2018-01-18 21:51:40', 'be26e50d-f9b3-40f3-8e52-87f893af981d'),
 ('5', '1', 'Participate', 'participate', 'global', '', '0', 'PlainText', '{\"placeholder\":\"\",\"maxLength\":\"\",\"multiline\":\"1\",\"initialRows\":\"4\"}', '2018-01-18 22:10:53', '2018-01-18 22:10:53', '0717598c-013f-4222-a6cf-60ca69872709'),
 ('6', '1', 'Contact', 'contact', 'global', '', '0', 'RichText', '{\"configFile\":\"Standard.json\",\"availableAssetSources\":\"\",\"availableTransforms\":\"\",\"cleanupHtml\":\"1\",\"purifyHtml\":\"1\",\"purifierConfig\":\"\",\"columnType\":\"text\"}', '2018-01-19 00:42:11', '2018-01-19 00:42:11', 'db8d6efb-5d94-4c5e-afc8-4a27aae1dcc6'),
 ('7', '1', 'Artwork', 'artwork', 'global', '', '0', 'Matrix', '{\"maxBlocks\":\"4\"}', '2018-01-19 00:48:21', '2018-01-19 00:48:21', 'af93e545-2bae-4cb4-8b7b-cfdaf6743ada'),
 ('8', NULL, 'Image', 'image', 'matrixBlockType:1', '', '0', 'Assets', '{\"useSingleFolder\":\"1\",\"defaultUploadLocationSubpath\":\"\",\"singleUploadLocationSubpath\":\"\",\"restrictFiles\":\"1\",\"allowedKinds\":[\"image\"],\"limit\":\"1\",\"viewMode\":\"large\",\"selectionLabel\":\"\"}', '2018-01-19 00:48:21', '2018-01-19 00:48:21', '01941123-b194-49e8-9316-0ad4e636e674'),
 ('9', '2', 'Full Name', 'fullName', 'global', '', '0', 'PlainText', '{\"placeholder\":\"\",\"maxLength\":\"\",\"multiline\":\"\",\"initialRows\":\"4\"}', '2018-01-19 11:35:54', '2018-01-19 11:35:54', 'b86ff59d-0fbe-4538-9196-fec2c2faad34'),
 ('10', '2', 'Email', 'email', 'global', '', '0', 'PlainText', '{\"placeholder\":\"\",\"maxLength\":\"\",\"multiline\":\"\",\"initialRows\":\"4\"}', '2018-01-19 11:36:04', '2018-01-19 11:36:04', '5ee8ad57-5f05-4452-92c2-824f7d791d37'),
 ('11', '2', 'Street & Number', 'streetNumber', 'global', '', '0', 'PlainText', '{\"placeholder\":\"\",\"maxLength\":\"\",\"multiline\":\"\",\"initialRows\":\"4\"}', '2018-01-19 11:37:18', '2018-01-19 11:37:18', 'cd44fbd9-2d04-47d6-a6ce-6024d9b86c5c'),
 ('12', '2', 'Suburb', 'suburb', 'global', '', '0', 'PlainText', '{\"placeholder\":\"\",\"maxLength\":\"\",\"multiline\":\"\",\"initialRows\":\"4\"}', '2018-01-19 11:37:28', '2018-01-19 11:37:28', 'bb832b94-edfa-4e19-93fa-f4e6238a79de'),
 ('13', '2', 'City/Town', 'cityTown', 'global', '', '0', 'PlainText', '{\"placeholder\":\"\",\"maxLength\":\"\",\"multiline\":\"\",\"initialRows\":\"4\"}', '2018-01-19 11:37:43', '2018-01-19 11:37:43', 'd2291855-d518-412b-91a3-a7e9ef74e9c9'),
 ('14', '2', 'Post code', 'postCode', 'global', '', '0', 'PlainText', '{\"placeholder\":\"\",\"maxLength\":\"\",\"multiline\":\"\",\"initialRows\":\"4\"}', '2018-01-19 11:37:53', '2018-01-19 11:37:53', '4910fe23-139b-4b3f-a0d5-5d4e6c6ee5f8'),
 ('15', '1', 'Participate Image', 'participateImage', 'global', '', '0', 'Assets', '{\"useSingleFolder\":\"1\",\"sources\":\"*\",\"defaultUploadLocationSource\":\"1\",\"defaultUploadLocationSubpath\":\"\",\"singleUploadLocationSource\":\"1\",\"singleUploadLocationSubpath\":\"\",\"restrictFiles\":\"1\",\"allowedKinds\":[\"image\"],\"limit\":\"1\",\"viewMode\":\"large\",\"selectionLabel\":\"\"}', '2018-01-19 20:55:16', '2018-01-19 20:55:16', '05e1b2cd-2bca-4471-aa8f-9efe7cb1f4e3');



DROP TABLE IF EXISTS `craft_formbuilder2_entries`;


--
-- Schema for table `craft_formbuilder2_entries`
--
CREATE TABLE `craft_formbuilder2_entries` (
  `id` int(11) NOT NULL,
  `formId` int(10) DEFAULT NULL,
  `title` varchar(255) COLLATE utf8_unicode_ci DEFAULT NULL,
  `files` text COLLATE utf8_unicode_ci DEFAULT NULL,
  `submission` text COLLATE utf8_unicode_ci DEFAULT NULL,
  `dateCreated` datetime NOT NULL,
  `dateUpdated` datetime NOT NULL,
  `uid` char(36) COLLATE utf8_unicode_ci NOT NULL DEFAULT '0',
  PRIMARY KEY (`id`),
  KEY `craft_formbuilder2_entries_formId_fk` (`formId`)
) ENGINE=InnoDB DEFAULT CHARSET=utf8 COLLATE=utf8_unicode_ci;

--
-- Data for table `craft_formbuilder2_entries`
--

INSERT INTO `craft_formbuilder2_entries` (`id`, `formId`, `title`, `files`, `submission`, `dateCreated`, `dateUpdated`, `uid`) VALUES
 ('8', '1', 'Entry', NULL, '{\"CRAFT_CSRF_TOKEN\":\"AfcjukearQWe2kvbTXoV5HUR0lVztEEJ5dnfSZIY|b4cb9d9ebb8c227f771baed3cdd25e37333b4d24\",\"fullName\":\"Alex\",\"email\":\"aexferens@gmail.com\",\"streetNumber\":\"2\",\"suburb\":\"\",\"cityTown\":\"Auckland\",\"postCode\":\"\"}', '2018-01-19 19:14:11', '2018-01-19 19:14:11', '2bff01e1-ce92-4fb3-ba7d-54a0b4593bfe'),
 ('9', '1', 'Entry', NULL, '{\"CRAFT_CSRF_TOKEN\":\"AfcjukearQWe2kvbTXoV5HUR0lVztEEJ5dnfSZIY|b4cb9d9ebb8c227f771baed3cdd25e37333b4d24\",\"fullName\":\"Alex\",\"email\":\"alexferens@gmail.com\",\"streetNumber\":\"2\",\"suburb\":\"\",\"cityTown\":\"Auckland\",\"postCode\":\"\"}', '2018-01-19 19:18:54', '2018-01-19 19:18:54', 'b093800b-d953-40a4-99e9-f4a85194f146');



DROP TABLE IF EXISTS `craft_formbuilder2_fields`;


--
-- Schema for table `craft_formbuilder2_fields`
--
CREATE TABLE `craft_formbuilder2_fields` (
  `id` int(11) NOT NULL AUTO_INCREMENT,
  `fieldId` int(11) DEFAULT NULL,
  `fieldLayoutId` int(11) DEFAULT NULL,
  `template` varchar(255) COLLATE utf8_unicode_ci DEFAULT NULL,
  `dateCreated` datetime NOT NULL,
  `dateUpdated` datetime NOT NULL,
  `uid` char(36) COLLATE utf8_unicode_ci NOT NULL DEFAULT '0',
  PRIMARY KEY (`id`),
  KEY `craft_formbuilder2_fields_fieldId_fk` (`fieldId`),
  KEY `craft_formbuilder2_fields_fieldLayoutId_fk` (`fieldLayoutId`)
) ENGINE=InnoDB DEFAULT CHARSET=utf8 COLLATE=utf8_unicode_ci;

DROP TABLE IF EXISTS `craft_formbuilder2_forms`;


--
-- Schema for table `craft_formbuilder2_forms`
--
CREATE TABLE `craft_formbuilder2_forms` (
  `id` int(11) NOT NULL AUTO_INCREMENT,
  `name` varchar(255) COLLATE utf8_unicode_ci NOT NULL,
  `handle` varchar(255) COLLATE utf8_unicode_ci NOT NULL,
  `fieldLayoutId` int(10) DEFAULT NULL,
  `formSettings` text COLLATE utf8_unicode_ci DEFAULT NULL,
  `spamProtectionSettings` text COLLATE utf8_unicode_ci DEFAULT NULL,
  `messageSettings` text COLLATE utf8_unicode_ci DEFAULT NULL,
  `notificationSettings` text COLLATE utf8_unicode_ci DEFAULT NULL,
  `extra` text COLLATE utf8_unicode_ci DEFAULT NULL,
  `sortOrder` smallint(6) unsigned DEFAULT NULL,
  `dateCreated` datetime NOT NULL,
  `dateUpdated` datetime NOT NULL,
  `uid` char(36) COLLATE utf8_unicode_ci NOT NULL DEFAULT '0',
  PRIMARY KEY (`id`),
  UNIQUE KEY `craft_formbuilder2_forms_id_unq_idx` (`id`),
  UNIQUE KEY `craft_formbuilder2_forms_name_unq_idx` (`name`),
  UNIQUE KEY `craft_formbuilder2_forms_handle_unq_idx` (`handle`),
  KEY `craft_formbuilder2_forms_fieldLayoutId_fk` (`fieldLayoutId`)
) ENGINE=InnoDB AUTO_INCREMENT=2 DEFAULT CHARSET=utf8 COLLATE=utf8_unicode_ci;

--
-- Data for table `craft_formbuilder2_forms`
--

INSERT INTO `craft_formbuilder2_forms` (`id`, `name`, `handle`, `fieldLayoutId`, `formSettings`, `spamProtectionSettings`, `messageSettings`, `notificationSettings`, `extra`, `sortOrder`, `dateCreated`, `dateUpdated`, `uid`) VALUES
 ('1', 'Entry', 'entry', '22', '{\"submitButtonText\":\"Enter\",\"formRedirect\":{\"customRedirect\":\"\",\"customRedirectUrl\":\"\"},\"hasFileUploads\":\"\",\"ajaxSubmit\":\"\",\"disableDatepickerScripts\":\"\"}', '{\"spamTimeMethod\":\"\",\"spamTimeMethodTime\":\"\",\"spamHoneypotMethod\":\"1\",\"spamHoneypotMethodMessage\":\"Middle name\"}', '{\"successMessage\":\"Thank you for your submission.\",\"errorMessage\":\"Please fill out all required fields.\"}', '{\"notifySubmission\":\"1\",\"emailSettings\":{\"notifyEmail\":\"hi@graphicactivity.co.nz\",\"emailSubject\":\"Safe from harm artwork entry\",\"sendSubmissionData\":\"1\",\"sendSubmitterSubmissionData\":\"\"},\"customEmailField\":\"\",\"replyTo\":\"\",\"emailTemplate\":\"\",\"notifySubmitter\":\"\",\"submitterEmail\":\"\",\"submitterEmailSubject\":\"\",\"publicFormName\":\"\",\"emailTemplateSubmitter\":\"\",\"customSubject\":\"\",\"customSubjectLine\":\"\"}', '{\"formHeaderCopy\":\"\",\"termsAndConditions\":\"\",\"termsAndConditionsLabel\":\"\",\"termsAndConditionsCopy\":\"\",\"termsAndConditionsCheckboxLabel\":\"\",\"termsAndConditionsInstructions\":\"\"}', NULL, '2018-01-19 11:31:29', '2018-01-19 19:13:19', '707d6305-eb52-4e02-a81c-7c1b4f88529b');



DROP TABLE IF EXISTS `craft_formbuilder2_layouts`;


--
-- Schema for table `craft_formbuilder2_layouts`
--
CREATE TABLE `craft_formbuilder2_layouts` (
  `id` int(11) NOT NULL AUTO_INCREMENT,
  `name` varchar(255) COLLATE utf8_unicode_ci NOT NULL,
  `handle` varchar(255) COLLATE utf8_unicode_ci NOT NULL,
  `description` varchar(255) COLLATE utf8_unicode_ci DEFAULT NULL,
  `type` varchar(255) COLLATE utf8_unicode_ci DEFAULT NULL,
  `icon` text COLLATE utf8_unicode_ci DEFAULT NULL,
  `templateName` varchar(255) COLLATE utf8_unicode_ci DEFAULT NULL,
  `templateOriginalName` varchar(255) COLLATE utf8_unicode_ci DEFAULT NULL,
  `templatePath` varchar(255) COLLATE utf8_unicode_ci NOT NULL,
  `screenshot` text COLLATE utf8_unicode_ci DEFAULT NULL,
  `dateCreated` datetime NOT NULL,
  `dateUpdated` datetime NOT NULL,
  `uid` char(36) COLLATE utf8_unicode_ci NOT NULL DEFAULT '0',
  PRIMARY KEY (`id`),
  UNIQUE KEY `craft_formbuilder2_layouts_id_unq_idx` (`id`),
  UNIQUE KEY `craft_formbuilder2_layouts_handle_unq_idx` (`handle`)
) ENGINE=InnoDB DEFAULT CHARSET=utf8 COLLATE=utf8_unicode_ci;

DROP TABLE IF EXISTS `craft_formbuilder2_templates`;


--
-- Schema for table `craft_formbuilder2_templates`
--
CREATE TABLE `craft_formbuilder2_templates` (
  `id` int(11) NOT NULL AUTO_INCREMENT,
  `name` varchar(255) COLLATE utf8_unicode_ci NOT NULL,
  `handle` varchar(255) COLLATE utf8_unicode_ci NOT NULL,
  `layoutId` int(10) DEFAULT NULL,
  `bodyText` text COLLATE utf8_unicode_ci DEFAULT NULL,
  `footerText` text COLLATE utf8_unicode_ci DEFAULT NULL,
  `altText` text COLLATE utf8_unicode_ci DEFAULT NULL,
  `templateContent` text COLLATE utf8_unicode_ci DEFAULT NULL,
  `templateStyles` text COLLATE utf8_unicode_ci DEFAULT NULL,
  `templateSettings` text COLLATE utf8_unicode_ci DEFAULT NULL,
  `dateCreated` datetime NOT NULL,
  `dateUpdated` datetime NOT NULL,
  `uid` char(36) COLLATE utf8_unicode_ci NOT NULL DEFAULT '0',
  PRIMARY KEY (`id`),
  UNIQUE KEY `craft_formbuilder2_templates_id_unq_idx` (`id`),
  UNIQUE KEY `craft_formbuilder2_templates_handle_unq_idx` (`handle`)
) ENGINE=InnoDB DEFAULT CHARSET=utf8 COLLATE=utf8_unicode_ci;

DROP TABLE IF EXISTS `craft_globalsets`;


--
-- Schema for table `craft_globalsets`
--
CREATE TABLE `craft_globalsets` (
  `id` int(11) NOT NULL,
  `name` varchar(255) COLLATE utf8_unicode_ci NOT NULL,
  `handle` varchar(255) COLLATE utf8_unicode_ci NOT NULL,
  `fieldLayoutId` int(10) DEFAULT NULL,
  `dateCreated` datetime NOT NULL,
  `dateUpdated` datetime NOT NULL,
  `uid` char(36) COLLATE utf8_unicode_ci NOT NULL DEFAULT '0',
  PRIMARY KEY (`id`),
  UNIQUE KEY `craft_globalsets_name_unq_idx` (`name`),
  UNIQUE KEY `craft_globalsets_handle_unq_idx` (`handle`),
  KEY `craft_globalsets_fieldLayoutId_fk` (`fieldLayoutId`)
) ENGINE=InnoDB DEFAULT CHARSET=utf8 COLLATE=utf8_unicode_ci;

DROP TABLE IF EXISTS `craft_info`;


--
-- Schema for table `craft_info`
--
CREATE TABLE `craft_info` (
  `id` int(11) NOT NULL AUTO_INCREMENT,
  `version` varchar(50) COLLATE utf8_unicode_ci NOT NULL,
  `schemaVersion` varchar(15) COLLATE utf8_unicode_ci NOT NULL,
  `edition` tinyint(1) unsigned NOT NULL DEFAULT 0,
  `siteName` varchar(100) COLLATE utf8_unicode_ci NOT NULL,
  `siteUrl` varchar(255) COLLATE utf8_unicode_ci NOT NULL,
  `timezone` varchar(30) COLLATE utf8_unicode_ci DEFAULT NULL,
  `on` tinyint(1) unsigned NOT NULL DEFAULT 0,
  `maintenance` tinyint(1) unsigned NOT NULL DEFAULT 0,
  `dateCreated` datetime NOT NULL,
  `dateUpdated` datetime NOT NULL,
  `uid` char(36) COLLATE utf8_unicode_ci NOT NULL DEFAULT '0',
  PRIMARY KEY (`id`)
) ENGINE=InnoDB AUTO_INCREMENT=2 DEFAULT CHARSET=utf8 COLLATE=utf8_unicode_ci;

--
-- Data for table `craft_info`
--

INSERT INTO `craft_info` (`id`, `version`, `schemaVersion`, `edition`, `siteName`, `siteUrl`, `timezone`, `on`, `maintenance`, `dateCreated`, `dateUpdated`, `uid`) VALUES
 ('1', '2.6.3004', '2.6.13', '0', 'Safe From Harm', 'http://safefromharm.dev', 'UTC', '1', '0', '2017-08-09 07:47:59', '2018-01-18 19:31:22', '47833ae3-27d6-414d-a63e-08f54f367137');



DROP TABLE IF EXISTS `craft_locales`;


--
-- Schema for table `craft_locales`
--
CREATE TABLE `craft_locales` (
  `locale` char(12) COLLATE utf8_unicode_ci NOT NULL,
  `sortOrder` smallint(6) unsigned DEFAULT NULL,
  `dateCreated` datetime NOT NULL,
  `dateUpdated` datetime NOT NULL,
  `uid` char(36) COLLATE utf8_unicode_ci NOT NULL DEFAULT '0',
  PRIMARY KEY (`locale`),
  KEY `craft_locales_sortOrder_idx` (`sortOrder`)
) ENGINE=InnoDB DEFAULT CHARSET=utf8 COLLATE=utf8_unicode_ci;

--
-- Data for table `craft_locales`
--

INSERT INTO `craft_locales` (`locale`, `sortOrder`, `dateCreated`, `dateUpdated`, `uid`) VALUES
 ('en_nz', '1', '2017-08-09 07:47:59', '2017-08-09 07:47:59', 'f28661da-b9a4-4959-8b64-22e5180f567b');



DROP TABLE IF EXISTS `craft_matrixblocks`;


--
-- Schema for table `craft_matrixblocks`
--
CREATE TABLE `craft_matrixblocks` (
  `id` int(11) NOT NULL,
  `ownerId` int(11) NOT NULL,
  `fieldId` int(11) NOT NULL,
  `typeId` int(11) DEFAULT NULL,
  `sortOrder` smallint(6) unsigned DEFAULT NULL,
  `ownerLocale` char(12) COLLATE utf8_unicode_ci DEFAULT NULL,
  `dateCreated` datetime NOT NULL,
  `dateUpdated` datetime NOT NULL,
  `uid` char(36) COLLATE utf8_unicode_ci NOT NULL DEFAULT '0',
  PRIMARY KEY (`id`),
  KEY `craft_matrixblocks_ownerId_idx` (`ownerId`),
  KEY `craft_matrixblocks_fieldId_idx` (`fieldId`),
  KEY `craft_matrixblocks_typeId_idx` (`typeId`),
  KEY `craft_matrixblocks_sortOrder_idx` (`sortOrder`),
  KEY `craft_matrixblocks_ownerLocale_fk` (`ownerLocale`)
) ENGINE=InnoDB DEFAULT CHARSET=utf8 COLLATE=utf8_unicode_ci;

--
-- Data for table `craft_matrixblocks`
--

INSERT INTO `craft_matrixblocks` (`id`, `ownerId`, `fieldId`, `typeId`, `sortOrder`, `ownerLocale`, `dateCreated`, `dateUpdated`, `uid`) VALUES
 ('11', '6', '7', '1', '1', NULL, '2018-01-19 20:31:50', '2018-01-19 20:50:57', '566da92b-8e69-4715-99b3-fd6fda62578c'),
 ('13', '6', '7', '1', '2', NULL, '2018-01-19 20:49:56', '2018-01-19 20:50:57', 'a163858e-bd10-4897-9989-1515741780b3'),
 ('16', '6', '7', '1', '3', NULL, '2018-01-19 20:50:57', '2018-01-19 20:50:57', '42d796e5-eddd-47e2-966f-fa001a879ffd'),
 ('17', '6', '7', '1', '4', NULL, '2018-01-19 20:50:57', '2018-01-19 20:50:57', '8af33c2e-11f7-49f6-bb90-8b4563c70eac');



DROP TABLE IF EXISTS `craft_matrixblocktypes`;


--
-- Schema for table `craft_matrixblocktypes`
--
CREATE TABLE `craft_matrixblocktypes` (
  `id` int(11) NOT NULL AUTO_INCREMENT,
  `fieldId` int(11) NOT NULL,
  `fieldLayoutId` int(11) DEFAULT NULL,
  `name` varchar(255) COLLATE utf8_unicode_ci NOT NULL,
  `handle` varchar(255) COLLATE utf8_unicode_ci NOT NULL,
  `sortOrder` smallint(6) unsigned DEFAULT NULL,
  `dateCreated` datetime NOT NULL,
  `dateUpdated` datetime NOT NULL,
  `uid` char(36) COLLATE utf8_unicode_ci NOT NULL DEFAULT '0',
  PRIMARY KEY (`id`),
  UNIQUE KEY `craft_matrixblocktypes_name_fieldId_unq_idx` (`name`,`fieldId`),
  UNIQUE KEY `craft_matrixblocktypes_handle_fieldId_unq_idx` (`handle`,`fieldId`),
  KEY `craft_matrixblocktypes_fieldId_fk` (`fieldId`),
  KEY `craft_matrixblocktypes_fieldLayoutId_fk` (`fieldLayoutId`)
) ENGINE=InnoDB AUTO_INCREMENT=2 DEFAULT CHARSET=utf8 COLLATE=utf8_unicode_ci;

--
-- Data for table `craft_matrixblocktypes`
--

INSERT INTO `craft_matrixblocktypes` (`id`, `fieldId`, `fieldLayoutId`, `name`, `handle`, `sortOrder`, `dateCreated`, `dateUpdated`, `uid`) VALUES
 ('1', '7', '13', 'Art', 'art', '1', '2018-01-19 00:48:21', '2018-01-19 00:48:21', '5e5409e1-4e74-464a-9855-aaa9ce077e79');



DROP TABLE IF EXISTS `craft_matrixcontent_artwork`;


--
-- Schema for table `craft_matrixcontent_artwork`
--
CREATE TABLE `craft_matrixcontent_artwork` (
  `id` int(11) NOT NULL AUTO_INCREMENT,
  `elementId` int(11) NOT NULL,
  `locale` char(12) COLLATE utf8_unicode_ci NOT NULL,
  `dateCreated` datetime NOT NULL,
  `dateUpdated` datetime NOT NULL,
  `uid` char(36) COLLATE utf8_unicode_ci NOT NULL DEFAULT '0',
  PRIMARY KEY (`id`),
  UNIQUE KEY `craft_matrixcontent_artwork_elementId_locale_unq_idx` (`elementId`,`locale`),
  KEY `craft_matrixcontent_artwork_locale_fk` (`locale`)
) ENGINE=InnoDB AUTO_INCREMENT=5 DEFAULT CHARSET=utf8 COLLATE=utf8_unicode_ci;

--
-- Data for table `craft_matrixcontent_artwork`
--

INSERT INTO `craft_matrixcontent_artwork` (`id`, `elementId`, `locale`, `dateCreated`, `dateUpdated`, `uid`) VALUES
 ('1', '11', 'en_nz', '2018-01-19 20:31:50', '2018-01-19 20:50:56', '9f9e669a-4e86-44a2-b300-81e9d19612e5'),
 ('2', '13', 'en_nz', '2018-01-19 20:49:56', '2018-01-19 20:50:57', '6823e98e-64ce-4859-8c9d-b8de4cf9ce82'),
 ('3', '16', 'en_nz', '2018-01-19 20:50:57', '2018-01-19 20:50:57', '1d281cac-4320-47f9-b162-9e1cce721ac0'),
 ('4', '17', 'en_nz', '2018-01-19 20:50:57', '2018-01-19 20:50:57', 'e838508a-1bc5-42d5-b6e3-006cc92c32e8');



DROP TABLE IF EXISTS `craft_migrations`;


--
-- Schema for table `craft_migrations`
--
CREATE TABLE `craft_migrations` (
  `id` int(11) NOT NULL AUTO_INCREMENT,
  `pluginId` int(11) DEFAULT NULL,
  `version` varchar(255) COLLATE utf8_unicode_ci NOT NULL,
  `applyTime` datetime NOT NULL,
  `dateCreated` datetime NOT NULL,
  `dateUpdated` datetime NOT NULL,
  `uid` char(36) COLLATE utf8_unicode_ci NOT NULL DEFAULT '0',
  PRIMARY KEY (`id`),
  UNIQUE KEY `craft_migrations_version_unq_idx` (`version`),
  KEY `craft_migrations_pluginId_fk` (`pluginId`)
) ENGINE=InnoDB AUTO_INCREMENT=49 DEFAULT CHARSET=utf8 COLLATE=utf8_unicode_ci;

--
-- Data for table `craft_migrations`
--

INSERT INTO `craft_migrations` (`id`, `pluginId`, `version`, `applyTime`, `dateCreated`, `dateUpdated`, `uid`) VALUES
 ('1', NULL, 'm000000_000000_base', '2017-08-09 07:47:59', '2017-08-09 07:47:59', '2017-08-09 07:47:59', '298ef52b-2737-4d6c-93da-c5ccdc28a68f'),
 ('2', NULL, 'm140730_000001_add_filename_and_format_to_transformindex', '2017-08-09 07:47:59', '2017-08-09 07:47:59', '2017-08-09 07:47:59', '324f4a2e-67b0-4fa0-b524-67133163ae6a'),
 ('3', NULL, 'm140815_000001_add_format_to_transforms', '2017-08-09 07:47:59', '2017-08-09 07:47:59', '2017-08-09 07:47:59', 'd61ca95f-aca3-41da-b495-1baf03a6cade'),
 ('4', NULL, 'm140822_000001_allow_more_than_128_items_per_field', '2017-08-09 07:47:59', '2017-08-09 07:47:59', '2017-08-09 07:47:59', 'fc8beb25-7140-4d17-9192-f7614ad11217'),
 ('5', NULL, 'm140829_000001_single_title_formats', '2017-08-09 07:47:59', '2017-08-09 07:47:59', '2017-08-09 07:47:59', '6cf53164-bd80-4055-97e5-d2246c57a37f'),
 ('6', NULL, 'm140831_000001_extended_cache_keys', '2017-08-09 07:47:59', '2017-08-09 07:47:59', '2017-08-09 07:47:59', '09f583cd-3fc7-4893-81c9-0dc883ab270a'),
 ('7', NULL, 'm140922_000001_delete_orphaned_matrix_blocks', '2017-08-09 07:47:59', '2017-08-09 07:47:59', '2017-08-09 07:47:59', 'e083685a-5db5-4231-927c-15104efabbc7'),
 ('8', NULL, 'm141008_000001_elements_index_tune', '2017-08-09 07:47:59', '2017-08-09 07:47:59', '2017-08-09 07:47:59', '4767e9ee-c862-4173-92ba-21c015904602'),
 ('9', NULL, 'm141009_000001_assets_source_handle', '2017-08-09 07:47:59', '2017-08-09 07:47:59', '2017-08-09 07:47:59', '1b1a8f60-e79d-4921-aea5-a010c8b86160'),
 ('10', NULL, 'm141024_000001_field_layout_tabs', '2017-08-09 07:47:59', '2017-08-09 07:47:59', '2017-08-09 07:47:59', '28b32a02-7ad0-4836-a9f9-3573954bcd20'),
 ('11', NULL, 'm141030_000000_plugin_schema_versions', '2017-08-09 07:47:59', '2017-08-09 07:47:59', '2017-08-09 07:47:59', '4676f229-24b0-4d9a-af0d-9f57ad1cad6b'),
 ('12', NULL, 'm141030_000001_drop_structure_move_permission', '2017-08-09 07:47:59', '2017-08-09 07:47:59', '2017-08-09 07:47:59', '5bcf4b40-f398-4d9b-805b-26146d9942ef'),
 ('13', NULL, 'm141103_000001_tag_titles', '2017-08-09 07:47:59', '2017-08-09 07:47:59', '2017-08-09 07:47:59', 'fd73e757-5168-4233-b2eb-2afd360dfb92'),
 ('14', NULL, 'm141109_000001_user_status_shuffle', '2017-08-09 07:47:59', '2017-08-09 07:47:59', '2017-08-09 07:47:59', '4e1fa0fc-2312-4323-bc54-bdc1519d1bae'),
 ('15', NULL, 'm141126_000001_user_week_start_day', '2017-08-09 07:47:59', '2017-08-09 07:47:59', '2017-08-09 07:47:59', 'e413e821-5ef3-47a3-b318-8e2dfdf5ac64'),
 ('16', NULL, 'm150210_000001_adjust_user_photo_size', '2017-08-09 07:47:59', '2017-08-09 07:47:59', '2017-08-09 07:47:59', 'fa60ecb8-7462-4606-9e83-2445fb052913'),
 ('17', NULL, 'm150724_000001_adjust_quality_settings', '2017-08-09 07:47:59', '2017-08-09 07:47:59', '2017-08-09 07:47:59', '4501dd06-b6a1-4359-bf70-6e2ef38f6979'),
 ('18', NULL, 'm150827_000000_element_index_settings', '2017-08-09 07:47:59', '2017-08-09 07:47:59', '2017-08-09 07:47:59', '6d7a3897-354a-4889-a744-e2927188b6b4'),
 ('19', NULL, 'm150918_000001_add_colspan_to_widgets', '2017-08-09 07:47:59', '2017-08-09 07:47:59', '2017-08-09 07:47:59', '8749a508-1035-4448-9eab-c0804f7e579b'),
 ('20', NULL, 'm151007_000000_clear_asset_caches', '2017-08-09 07:47:59', '2017-08-09 07:47:59', '2017-08-09 07:47:59', 'a6c6f473-758a-4e51-bcef-b417fc6ee4d1'),
 ('21', NULL, 'm151109_000000_text_url_formats', '2017-08-09 07:47:59', '2017-08-09 07:47:59', '2017-08-09 07:47:59', 'a27a25ab-6fe3-4116-90b9-128800afd29b'),
 ('22', NULL, 'm151110_000000_move_logo', '2017-08-09 07:47:59', '2017-08-09 07:47:59', '2017-08-09 07:47:59', '6d8df96e-7af6-4ef8-a568-9f8492aec0e2'),
 ('23', NULL, 'm151117_000000_adjust_image_widthheight', '2017-08-09 07:47:59', '2017-08-09 07:47:59', '2017-08-09 07:47:59', 'e239c17e-43db-4378-a625-dcf5a766bd31'),
 ('24', NULL, 'm151127_000000_clear_license_key_status', '2017-08-09 07:47:59', '2017-08-09 07:47:59', '2017-08-09 07:47:59', 'a0c51dff-0d04-4a3e-9d94-47b06d48b63f'),
 ('25', NULL, 'm151127_000000_plugin_license_keys', '2017-08-09 07:47:59', '2017-08-09 07:47:59', '2017-08-09 07:47:59', 'ebfb67e0-13ac-462d-8706-09ad33470939'),
 ('26', NULL, 'm151130_000000_update_pt_widget_feeds', '2017-08-09 07:47:59', '2017-08-09 07:47:59', '2017-08-09 07:47:59', '7892fd3f-6dd5-4185-98a7-2256b93e36ad'),
 ('27', NULL, 'm160114_000000_asset_sources_public_url_default_true', '2017-08-09 07:47:59', '2017-08-09 07:47:59', '2017-08-09 07:47:59', 'b04794de-6825-404f-977b-0c92c343ec3e'),
 ('28', NULL, 'm160223_000000_sortorder_to_smallint', '2017-08-09 07:47:59', '2017-08-09 07:47:59', '2017-08-09 07:47:59', '86e2cd2a-19fa-4de6-80cc-b1629312b4aa'),
 ('29', NULL, 'm160229_000000_set_default_entry_statuses', '2017-08-09 07:47:59', '2017-08-09 07:47:59', '2017-08-09 07:47:59', '878c746d-f8a1-4c5a-8977-9ed5daaa9a0b'),
 ('30', NULL, 'm160304_000000_client_permissions', '2017-08-09 07:47:59', '2017-08-09 07:47:59', '2017-08-09 07:47:59', '3c1e73db-49fc-40cb-a1a4-de111758388c'),
 ('31', NULL, 'm160322_000000_asset_filesize', '2017-08-09 07:47:59', '2017-08-09 07:47:59', '2017-08-09 07:47:59', 'de8fa7c6-5bed-472c-955e-8035d0a100b0'),
 ('32', NULL, 'm160503_000000_orphaned_fieldlayouts', '2017-08-09 07:47:59', '2017-08-09 07:47:59', '2017-08-09 07:47:59', 'e0489a33-654c-47b2-836b-a78ffc3e9160'),
 ('33', NULL, 'm160510_000000_tasksettings', '2017-08-09 07:47:59', '2017-08-09 07:47:59', '2017-08-09 07:47:59', 'da01458f-e90c-496c-a38f-5d89269e929f'),
 ('34', NULL, 'm160829_000000_pending_user_content_cleanup', '2017-08-09 07:47:59', '2017-08-09 07:47:59', '2017-08-09 07:47:59', '8754ae8d-0d76-471b-a61c-02e669f85e34'),
 ('35', NULL, 'm160830_000000_asset_index_uri_increase', '2017-08-09 07:47:59', '2017-08-09 07:47:59', '2017-08-09 07:47:59', 'ade6a47d-3120-45f4-9e74-8f360ef64844'),
 ('36', NULL, 'm160919_000000_usergroup_handle_title_unique', '2017-08-09 07:47:59', '2017-08-09 07:47:59', '2017-08-09 07:47:59', '0ce299e3-1a36-4ce3-a95b-176d72f7ed6c'),
 ('37', NULL, 'm161108_000000_new_version_format', '2017-08-09 07:47:59', '2017-08-09 07:47:59', '2017-08-09 07:47:59', 'a3663a11-1305-4bee-8aa3-7d99678fbc3d'),
 ('38', NULL, 'm161109_000000_index_shuffle', '2017-08-09 07:47:59', '2017-08-09 07:47:59', '2017-08-09 07:47:59', 'd52a9087-9ebe-48c4-8eb0-69e9a67b6656'),
 ('39', NULL, 'm170612_000000_route_index_shuffle', '2017-08-09 07:47:59', '2017-08-09 07:47:59', '2017-08-09 07:47:59', 'ed00ccd1-4e84-4a6e-b703-0951efa66d4e'),
 ('40', NULL, 'm171107_000000_assign_group_permissions', '2018-01-18 19:31:21', '2018-01-18 19:31:21', '2018-01-18 19:31:21', '2f2df828-9aec-43ba-a1a9-210f9377080e'),
 ('41', NULL, 'm171117_000001_templatecache_index_tune', '2018-01-18 19:31:21', '2018-01-18 19:31:21', '2018-01-18 19:31:21', '1b029229-744f-4256-bddb-b02e1375a97a'),
 ('42', NULL, 'm171204_000001_templatecache_index_tune_deux', '2018-01-18 19:31:21', '2018-01-18 19:31:21', '2018-01-18 19:31:21', 'f1f57829-a5a0-4142-ba1e-1bb1e0776fe8'),
 ('43', '1', 'm160803_191207_formbuilder2_AddFieldsTable', '2018-01-19 11:29:19', '2018-01-19 11:29:19', '2018-01-19 11:29:19', '4af02355-59ce-4fad-8764-7e4b3ddea517'),
 ('44', '1', 'm160809_202610_formbuilder2_AddTemplatesTable', '2018-01-19 11:29:19', '2018-01-19 11:29:20', '2018-01-19 11:29:20', 'b3b74721-969e-4116-b995-cb4ca6ea7f64'),
 ('45', '1', 'm160813_010312_formbuilder2_AddLayoutsTable', '2018-01-19 11:29:19', '2018-01-19 11:29:20', '2018-01-19 11:29:20', 'e8251bb9-df72-4f79-bdf4-130d9cf3dd4a'),
 ('46', '1', 'm160906_181418_formbuilder2_UpdateTemplatesColumnType', '2018-01-19 11:29:19', '2018-01-19 11:29:20', '2018-01-19 11:29:20', 'fc521b2b-92f3-46e4-b603-bb94751a3918'),
 ('47', '1', 'm170714_202735_formbuilder2_AddSortOrderToForms', '2018-01-19 11:29:19', '2018-01-19 11:29:20', '2018-01-19 11:29:20', '7826736d-421f-4922-9e8e-3eaa716c7590'),
 ('48', '1', 'm170720_200910_formbuilder2_AddExtraTableToForms', '2018-01-19 11:29:19', '2018-01-19 11:29:20', '2018-01-19 11:29:20', '32b69af7-918a-498a-a752-8c2bf5ead65e');



DROP TABLE IF EXISTS `craft_plugins`;


--
-- Schema for table `craft_plugins`
--
CREATE TABLE `craft_plugins` (
  `id` int(11) NOT NULL AUTO_INCREMENT,
  `class` varchar(150) COLLATE utf8_unicode_ci NOT NULL,
  `version` varchar(15) COLLATE utf8_unicode_ci NOT NULL,
  `schemaVersion` varchar(15) COLLATE utf8_unicode_ci DEFAULT NULL,
  `licenseKey` char(24) COLLATE utf8_unicode_ci DEFAULT NULL,
  `licenseKeyStatus` enum('valid','invalid','mismatched','unknown') COLLATE utf8_unicode_ci NOT NULL DEFAULT 'unknown',
  `enabled` tinyint(1) unsigned NOT NULL DEFAULT 0,
  `settings` text COLLATE utf8_unicode_ci DEFAULT NULL,
  `installDate` datetime NOT NULL,
  `dateCreated` datetime NOT NULL,
  `dateUpdated` datetime NOT NULL,
  `uid` char(36) COLLATE utf8_unicode_ci NOT NULL DEFAULT '0',
  PRIMARY KEY (`id`)
) ENGINE=InnoDB AUTO_INCREMENT=2 DEFAULT CHARSET=utf8 COLLATE=utf8_unicode_ci;

--
-- Data for table `craft_plugins`
--

INSERT INTO `craft_plugins` (`id`, `class`, `version`, `schemaVersion`, `licenseKey`, `licenseKeyStatus`, `enabled`, `settings`, `installDate`, `dateCreated`, `dateUpdated`, `uid`) VALUES
 ('1', 'FormBuilder2', '2.0.16', '2.0.1', NULL, 'unknown', '1', '{\"pluginName\":\"Form\",\"canDoActions\":\"\"}', '2018-01-19 11:29:19', '2018-01-19 11:29:19', '2018-01-19 20:21:14', '670de77d-7d19-4f12-88df-2a7cdd4be9a7');



DROP TABLE IF EXISTS `craft_rackspaceaccess`;


--
-- Schema for table `craft_rackspaceaccess`
--
CREATE TABLE `craft_rackspaceaccess` (
  `id` int(11) NOT NULL AUTO_INCREMENT,
  `connectionKey` varchar(255) COLLATE utf8_unicode_ci NOT NULL,
  `token` varchar(255) COLLATE utf8_unicode_ci NOT NULL,
  `storageUrl` varchar(255) COLLATE utf8_unicode_ci NOT NULL,
  `cdnUrl` varchar(255) COLLATE utf8_unicode_ci NOT NULL,
  `dateCreated` datetime NOT NULL,
  `dateUpdated` datetime NOT NULL,
  `uid` char(36) COLLATE utf8_unicode_ci NOT NULL DEFAULT '0',
  PRIMARY KEY (`id`),
  UNIQUE KEY `craft_rackspaceaccess_connectionKey_unq_idx` (`connectionKey`)
) ENGINE=InnoDB DEFAULT CHARSET=utf8 COLLATE=utf8_unicode_ci;

DROP TABLE IF EXISTS `craft_relations`;


--
-- Schema for table `craft_relations`
--
CREATE TABLE `craft_relations` (
  `id` int(11) NOT NULL AUTO_INCREMENT,
  `fieldId` int(11) NOT NULL,
  `sourceId` int(11) NOT NULL,
  `sourceLocale` char(12) COLLATE utf8_unicode_ci DEFAULT NULL,
  `targetId` int(11) NOT NULL,
  `sortOrder` smallint(6) DEFAULT NULL,
  `dateCreated` datetime NOT NULL,
  `dateUpdated` datetime NOT NULL,
  `uid` char(36) COLLATE utf8_unicode_ci NOT NULL DEFAULT '0',
  PRIMARY KEY (`id`),
  UNIQUE KEY `craft_relations_fieldId_sourceId_sourceLocale_targetId_unq_idx` (`fieldId`,`sourceId`,`sourceLocale`,`targetId`),
  KEY `craft_relations_sourceId_fk` (`sourceId`),
  KEY `craft_relations_sourceLocale_fk` (`sourceLocale`),
  KEY `craft_relations_targetId_fk` (`targetId`)
) ENGINE=InnoDB AUTO_INCREMENT=9 DEFAULT CHARSET=utf8 COLLATE=utf8_unicode_ci;

--
-- Data for table `craft_relations`
--

INSERT INTO `craft_relations` (`id`, `fieldId`, `sourceId`, `sourceLocale`, `targetId`, `sortOrder`, `dateCreated`, `dateUpdated`, `uid`) VALUES
 ('4', '8', '11', NULL, '10', '1', '2018-01-19 20:50:57', '2018-01-19 20:50:57', '55f50770-05d0-499b-ac8e-067af7dc2447'),
 ('5', '8', '13', NULL, '12', '1', '2018-01-19 20:50:57', '2018-01-19 20:50:57', '8d7fb381-315a-48a5-b76e-efd2b3b35af7'),
 ('6', '8', '16', NULL, '14', '1', '2018-01-19 20:50:57', '2018-01-19 20:50:57', '9bc623c8-d720-4683-8a52-d16d14fd69b5'),
 ('7', '8', '17', NULL, '15', '1', '2018-01-19 20:50:57', '2018-01-19 20:50:57', 'a51f460d-bfce-4599-98b8-c77d4f197c46'),
 ('8', '15', '5', NULL, '14', '1', '2018-01-19 20:55:48', '2018-01-19 20:55:48', 'fad8bdf1-a54f-40ad-b1c2-d1c27246aa49');



DROP TABLE IF EXISTS `craft_routes`;


--
-- Schema for table `craft_routes`
--
CREATE TABLE `craft_routes` (
  `id` int(11) NOT NULL AUTO_INCREMENT,
  `locale` char(12) COLLATE utf8_unicode_ci DEFAULT NULL,
  `urlParts` varchar(255) COLLATE utf8_unicode_ci NOT NULL,
  `urlPattern` varchar(255) COLLATE utf8_unicode_ci NOT NULL,
  `template` varchar(255) COLLATE utf8_unicode_ci NOT NULL,
  `sortOrder` smallint(6) unsigned DEFAULT NULL,
  `dateCreated` datetime NOT NULL,
  `dateUpdated` datetime NOT NULL,
  `uid` char(36) COLLATE utf8_unicode_ci NOT NULL DEFAULT '0',
  PRIMARY KEY (`id`),
  KEY `craft_routes_locale_idx` (`locale`),
  KEY `craft_routes_urlPattern_idx` (`urlPattern`)
) ENGINE=InnoDB DEFAULT CHARSET=utf8 COLLATE=utf8_unicode_ci;

DROP TABLE IF EXISTS `craft_searchindex`;


--
-- Schema for table `craft_searchindex`
--
CREATE TABLE `craft_searchindex` (
  `elementId` int(11) NOT NULL,
  `attribute` varchar(25) COLLATE utf8_unicode_ci NOT NULL,
  `fieldId` int(11) NOT NULL,
  `locale` char(12) COLLATE utf8_unicode_ci NOT NULL,
  `keywords` text COLLATE utf8_unicode_ci NOT NULL,
  PRIMARY KEY (`elementId`,`attribute`,`fieldId`,`locale`),
  FULLTEXT KEY `craft_searchindex_keywords_idx` (`keywords`)
) ENGINE=MyISAM DEFAULT CHARSET=utf8 COLLATE=utf8_unicode_ci;

--
-- Data for table `craft_searchindex`
--

INSERT INTO `craft_searchindex` (`elementId`, `attribute`, `fieldId`, `locale`, `keywords`) VALUES
 ('1', 'username', '0', 'en_nz', ' safe '),
 ('1', 'firstname', '0', 'en_nz', ''),
 ('1', 'lastname', '0', 'en_nz', ''),
 ('1', 'fullname', '0', 'en_nz', ''),
 ('1', 'email', '0', 'en_nz', ' hi graphicactivity co nz '),
 ('1', 'slug', '0', 'en_nz', ''),
 ('2', 'slug', '0', 'en_nz', ' homepage '),
 ('2', 'title', '0', 'en_nz', ' home '),
 ('2', 'field', '1', 'en_nz', ' empty '),
 ('6', 'slug', '0', 'en_nz', ' artwork '),
 ('6', 'title', '0', 'en_nz', ' artwork '),
 ('7', 'slug', '0', 'en_nz', ' contact '),
 ('7', 'title', '0', 'en_nz', ' contact '),
 ('4', 'field', '3', 'en_nz', ' one of my closest friends was sexually assaulted something that has happened to 1 in 5 women in our country in an attempt to help her claim her body back chip away at these statistics keep others safe from harm i sought to respectfully address the issue through the arts assaults most frequently happen in homes behind closed doors this happens to be where artwork lives and why this medium was chosen for the project i want to get the artwork its messaging onto the walls of as many women s homes flats and bedrooms as possible where these things can happen think of it as artistic political product placement i aspire that this artwork serves as a symbol of empowerment to the women of new zealand and i want the work to create much needed learning for men an artwork designed to generate both conversation change new zealand has pioneered women s rights for over a century with strong resilient women at the front line i hope together through art conversation and respect we can keep others safe from harm '),
 ('5', 'title', '0', 'en_nz', ' participate '),
 ('5', 'slug', '0', 'en_nz', ' participate '),
 ('4', 'slug', '0', 'en_nz', ' learn '),
 ('4', 'title', '0', 'en_nz', ' learn '),
 ('4', 'field', '4', 'en_nz', ' tell me why you think consent is important here i ve produced a 45 piece limited edition artwork of my dear friend captured elegantly by matt queree and presented to you here i worked closely with my friend and then with a small group of strong new zealand women to receive the artwork get feedback and then release one year on from her assault the artworks limited edition to 45 pieces and smaller postcard unlimited version are given away free strictly to women who comment why they think consent is cool on instagram this gives a voice to consent seeking to empower the new zealand female and also serves as a place to learn educating male readers while art can t change this alone this project aspires to join the growing movement project runs live for 7 days from 22 1 29 1 safe from harm is a personal project conceptualised self funded by artist andrew j steel '),
 ('5', 'field', '5', 'en_nz', ' please note you are entering a lottery for the works all legible participants will receive a copy of an artwork either a3 fine art print or a6 post card at artists discretion t c s running 7 days women only 45 prints unlimited cards '),
 ('7', 'field', '6', 'en_nz', ' media general inquiries safefromharm andrewjsteel comneed help instagram '),
 ('8', 'slug', '0', 'en_nz', ' entry '),
 ('9', 'slug', '0', 'en_nz', ' entry '),
 ('10', 'filename', '0', 'en_nz', ' landscape 1 jpg '),
 ('10', 'extension', '0', 'en_nz', ' jpg '),
 ('10', 'kind', '0', 'en_nz', ' image '),
 ('10', 'slug', '0', 'en_nz', ' landscape 1 '),
 ('10', 'title', '0', 'en_nz', ' landscape 1 '),
 ('6', 'field', '7', 'en_nz', ' landscape 1 landscape 2 landscape 3 landscape 4 '),
 ('11', 'field', '8', 'en_nz', ' landscape 1 '),
 ('11', 'slug', '0', 'en_nz', ''),
 ('12', 'filename', '0', 'en_nz', ' landscape 2 jpg '),
 ('12', 'extension', '0', 'en_nz', ' jpg '),
 ('12', 'kind', '0', 'en_nz', ' image '),
 ('12', 'slug', '0', 'en_nz', ' landscape 2 '),
 ('12', 'title', '0', 'en_nz', ' landscape 2 '),
 ('13', 'field', '8', 'en_nz', ' landscape 2 '),
 ('13', 'slug', '0', 'en_nz', ''),
 ('14', 'filename', '0', 'en_nz', ' landscape 3 jpg '),
 ('14', 'extension', '0', 'en_nz', ' jpg '),
 ('14', 'kind', '0', 'en_nz', ' image '),
 ('14', 'slug', '0', 'en_nz', ' landscape 3 '),
 ('14', 'title', '0', 'en_nz', ' landscape 3 '),
 ('15', 'filename', '0', 'en_nz', ' landscape 4 jpg '),
 ('15', 'extension', '0', 'en_nz', ' jpg '),
 ('15', 'kind', '0', 'en_nz', ' image '),
 ('15', 'slug', '0', 'en_nz', ' landscape 4 '),
 ('15', 'title', '0', 'en_nz', ' landscape 4 '),
 ('16', 'field', '8', 'en_nz', ' landscape 3 '),
 ('16', 'slug', '0', 'en_nz', ''),
 ('17', 'field', '8', 'en_nz', ' landscape 4 '),
 ('17', 'slug', '0', 'en_nz', ''),
 ('5', 'field', '15', 'en_nz', ' landscape 3 ');



DROP TABLE IF EXISTS `craft_sections`;


--
-- Schema for table `craft_sections`
--
CREATE TABLE `craft_sections` (
  `id` int(11) NOT NULL AUTO_INCREMENT,
  `structureId` int(11) DEFAULT NULL,
  `name` varchar(255) COLLATE utf8_unicode_ci NOT NULL,
  `handle` varchar(255) COLLATE utf8_unicode_ci NOT NULL,
  `type` enum('single','channel','structure') COLLATE utf8_unicode_ci NOT NULL DEFAULT 'channel',
  `hasUrls` tinyint(1) unsigned NOT NULL DEFAULT 1,
  `template` varchar(500) COLLATE utf8_unicode_ci DEFAULT NULL,
  `enableVersioning` tinyint(1) unsigned NOT NULL DEFAULT 0,
  `dateCreated` datetime NOT NULL,
  `dateUpdated` datetime NOT NULL,
  `uid` char(36) COLLATE utf8_unicode_ci NOT NULL DEFAULT '0',
  PRIMARY KEY (`id`),
  UNIQUE KEY `craft_sections_name_unq_idx` (`name`),
  UNIQUE KEY `craft_sections_handle_unq_idx` (`handle`),
  KEY `craft_sections_structureId_fk` (`structureId`)
) ENGINE=InnoDB AUTO_INCREMENT=7 DEFAULT CHARSET=utf8 COLLATE=utf8_unicode_ci;

--
-- Data for table `craft_sections`
--

INSERT INTO `craft_sections` (`id`, `structureId`, `name`, `handle`, `type`, `hasUrls`, `template`, `enableVersioning`, `dateCreated`, `dateUpdated`, `uid`) VALUES
 ('1', NULL, 'Home', 'home', 'single', '1', 'index', '1', '2017-08-09 07:48:02', '2018-01-18 21:41:44', 'a0669685-10be-4d32-9559-55bf5a82b415'),
 ('3', NULL, 'Learn', 'learn', 'single', '1', 'learn', '1', '2018-01-18 21:42:28', '2018-01-18 21:42:28', '2a596c77-2b24-49e1-bb04-60dfaec1c682'),
 ('4', NULL, 'Participate', 'participate', 'single', '1', 'participate', '1', '2018-01-18 21:42:46', '2018-01-18 21:42:46', '4b60c7b6-3c4b-471e-8c07-bdfb28f3b6d3'),
 ('5', NULL, 'Artwork', 'artwork', 'single', '1', 'artwork', '1', '2018-01-18 21:43:15', '2018-01-18 21:43:15', 'b6fecaed-3be8-4de4-82b5-872f6f1c1414'),
 ('6', NULL, 'Contact', 'contact', 'single', '1', 'contact', '1', '2018-01-18 21:43:31', '2018-01-18 21:43:31', 'd840e4e2-8ca7-4f48-8a7e-f4b8a142a517');



DROP TABLE IF EXISTS `craft_sections_i18n`;


--
-- Schema for table `craft_sections_i18n`
--
CREATE TABLE `craft_sections_i18n` (
  `id` int(11) NOT NULL AUTO_INCREMENT,
  `sectionId` int(11) NOT NULL,
  `locale` char(12) COLLATE utf8_unicode_ci NOT NULL,
  `enabledByDefault` tinyint(1) unsigned NOT NULL DEFAULT 1,
  `urlFormat` text COLLATE utf8_unicode_ci DEFAULT NULL,
  `nestedUrlFormat` text COLLATE utf8_unicode_ci DEFAULT NULL,
  `dateCreated` datetime NOT NULL,
  `dateUpdated` datetime NOT NULL,
  `uid` char(36) COLLATE utf8_unicode_ci NOT NULL DEFAULT '0',
  PRIMARY KEY (`id`),
  UNIQUE KEY `craft_sections_i18n_sectionId_locale_unq_idx` (`sectionId`,`locale`),
  KEY `craft_sections_i18n_locale_fk` (`locale`)
) ENGINE=InnoDB AUTO_INCREMENT=7 DEFAULT CHARSET=utf8 COLLATE=utf8_unicode_ci;

--
-- Data for table `craft_sections_i18n`
--

INSERT INTO `craft_sections_i18n` (`id`, `sectionId`, `locale`, `enabledByDefault`, `urlFormat`, `nestedUrlFormat`, `dateCreated`, `dateUpdated`, `uid`) VALUES
 ('1', '1', 'en_nz', '1', '__home__', NULL, '2017-08-09 07:48:02', '2017-08-09 07:48:02', '1b47173c-76a1-4561-91a1-1c7fe06c4e56'),
 ('3', '3', 'en_nz', '1', 'learn', NULL, '2018-01-18 21:42:28', '2018-01-18 21:42:28', 'd2a1e431-9f08-464b-94d8-1f3556db343c'),
 ('4', '4', 'en_nz', '1', 'participate', NULL, '2018-01-18 21:42:46', '2018-01-18 21:42:46', 'cda76fa2-4037-41d0-b75f-6aa42711b3cf'),
 ('5', '5', 'en_nz', '1', 'artwork', NULL, '2018-01-18 21:43:15', '2018-01-18 21:43:15', 'f4859568-5984-4600-9b92-a0086ba40957'),
 ('6', '6', 'en_nz', '1', 'contact', NULL, '2018-01-18 21:43:31', '2018-01-18 21:43:31', '18ce22d1-4335-41b4-8234-f4d3a912be84');



DROP TABLE IF EXISTS `craft_sessions`;


--
-- Schema for table `craft_sessions`
--
CREATE TABLE `craft_sessions` (
  `id` int(11) NOT NULL AUTO_INCREMENT,
  `userId` int(11) NOT NULL,
  `token` char(100) COLLATE utf8_unicode_ci NOT NULL,
  `dateCreated` datetime NOT NULL,
  `dateUpdated` datetime NOT NULL,
  `uid` char(36) COLLATE utf8_unicode_ci NOT NULL DEFAULT '0',
  PRIMARY KEY (`id`),
  KEY `craft_sessions_uid_idx` (`uid`),
  KEY `craft_sessions_token_idx` (`token`),
  KEY `craft_sessions_dateUpdated_idx` (`dateUpdated`),
  KEY `craft_sessions_userId_fk` (`userId`)
) ENGINE=InnoDB AUTO_INCREMENT=8 DEFAULT CHARSET=utf8 COLLATE=utf8_unicode_ci;

DROP TABLE IF EXISTS `craft_shunnedmessages`;


--
-- Schema for table `craft_shunnedmessages`
--
CREATE TABLE `craft_shunnedmessages` (
  `id` int(11) NOT NULL AUTO_INCREMENT,
  `userId` int(11) NOT NULL,
  `message` varchar(255) COLLATE utf8_unicode_ci NOT NULL,
  `expiryDate` datetime DEFAULT NULL,
  `dateCreated` datetime NOT NULL,
  `dateUpdated` datetime NOT NULL,
  `uid` char(36) COLLATE utf8_unicode_ci NOT NULL DEFAULT '0',
  PRIMARY KEY (`id`),
  UNIQUE KEY `craft_shunnedmessages_userId_message_unq_idx` (`userId`,`message`)
) ENGINE=InnoDB DEFAULT CHARSET=utf8 COLLATE=utf8_unicode_ci;

DROP TABLE IF EXISTS `craft_structureelements`;


--
-- Schema for table `craft_structureelements`
--
CREATE TABLE `craft_structureelements` (
  `id` int(11) NOT NULL AUTO_INCREMENT,
  `structureId` int(11) NOT NULL,
  `elementId` int(11) DEFAULT NULL,
  `root` int(11) unsigned DEFAULT NULL,
  `lft` int(11) unsigned NOT NULL,
  `rgt` int(11) unsigned NOT NULL,
  `level` smallint(6) unsigned NOT NULL,
  `dateCreated` datetime NOT NULL,
  `dateUpdated` datetime NOT NULL,
  `uid` char(36) COLLATE utf8_unicode_ci NOT NULL DEFAULT '0',
  PRIMARY KEY (`id`),
  UNIQUE KEY `craft_structureelements_structureId_elementId_unq_idx` (`structureId`,`elementId`),
  KEY `craft_structureelements_root_idx` (`root`),
  KEY `craft_structureelements_lft_idx` (`lft`),
  KEY `craft_structureelements_rgt_idx` (`rgt`),
  KEY `craft_structureelements_level_idx` (`level`),
  KEY `craft_structureelements_elementId_fk` (`elementId`)
) ENGINE=InnoDB DEFAULT CHARSET=utf8 COLLATE=utf8_unicode_ci;

DROP TABLE IF EXISTS `craft_structures`;


--
-- Schema for table `craft_structures`
--
CREATE TABLE `craft_structures` (
  `id` int(11) NOT NULL AUTO_INCREMENT,
  `maxLevels` smallint(6) unsigned DEFAULT NULL,
  `dateCreated` datetime NOT NULL,
  `dateUpdated` datetime NOT NULL,
  `uid` char(36) COLLATE utf8_unicode_ci NOT NULL DEFAULT '0',
  PRIMARY KEY (`id`)
) ENGINE=InnoDB DEFAULT CHARSET=utf8 COLLATE=utf8_unicode_ci;

DROP TABLE IF EXISTS `craft_systemsettings`;


--
-- Schema for table `craft_systemsettings`
--
CREATE TABLE `craft_systemsettings` (
  `id` int(11) NOT NULL AUTO_INCREMENT,
  `category` varchar(15) COLLATE utf8_unicode_ci NOT NULL,
  `settings` text COLLATE utf8_unicode_ci DEFAULT NULL,
  `dateCreated` datetime NOT NULL,
  `dateUpdated` datetime NOT NULL,
  `uid` char(36) COLLATE utf8_unicode_ci NOT NULL DEFAULT '0',
  PRIMARY KEY (`id`),
  UNIQUE KEY `craft_systemsettings_category_unq_idx` (`category`)
) ENGINE=InnoDB AUTO_INCREMENT=2 DEFAULT CHARSET=utf8 COLLATE=utf8_unicode_ci;

--
-- Data for table `craft_systemsettings`
--

INSERT INTO `craft_systemsettings` (`id`, `category`, `settings`, `dateCreated`, `dateUpdated`, `uid`) VALUES
 ('1', 'email', '{\"protocol\":\"smtp\",\"emailAddress\":\"safefromharm@andrewjsteel.com\",\"senderName\":\"Safe From Harm\",\"smtpAuth\":1,\"username\":\"hi@graphicactivity.co.nz\",\"password\":\"jLU7AMy7lMupZw6M1lToPA\",\"smtpSecureTransportType\":\"tls\",\"port\":\"587\",\"host\":\"smtp.mandrillapp.com\",\"timeout\":\"30\"}', '2017-08-09 07:48:02', '2018-01-19 19:18:34', 'baf50155-8c2b-4a10-892a-57ded4600a2a');



DROP TABLE IF EXISTS `craft_taggroups`;


--
-- Schema for table `craft_taggroups`
--
CREATE TABLE `craft_taggroups` (
  `id` int(11) NOT NULL AUTO_INCREMENT,
  `name` varchar(255) COLLATE utf8_unicode_ci NOT NULL,
  `handle` varchar(255) COLLATE utf8_unicode_ci NOT NULL,
  `fieldLayoutId` int(10) DEFAULT NULL,
  `dateCreated` datetime NOT NULL,
  `dateUpdated` datetime NOT NULL,
  `uid` char(36) COLLATE utf8_unicode_ci NOT NULL DEFAULT '0',
  PRIMARY KEY (`id`),
  UNIQUE KEY `craft_taggroups_name_unq_idx` (`name`),
  UNIQUE KEY `craft_taggroups_handle_unq_idx` (`handle`),
  KEY `craft_taggroups_fieldLayoutId_fk` (`fieldLayoutId`)
) ENGINE=InnoDB AUTO_INCREMENT=2 DEFAULT CHARSET=utf8 COLLATE=utf8_unicode_ci;

--
-- Data for table `craft_taggroups`
--

INSERT INTO `craft_taggroups` (`id`, `name`, `handle`, `fieldLayoutId`, `dateCreated`, `dateUpdated`, `uid`) VALUES
 ('1', 'Default', 'default', '1', '2017-08-09 07:48:02', '2017-08-09 07:48:02', '7142bbfd-1a6a-4a73-948c-3a1539c3d1a1');



DROP TABLE IF EXISTS `craft_tags`;


--
-- Schema for table `craft_tags`
--
CREATE TABLE `craft_tags` (
  `id` int(11) NOT NULL,
  `groupId` int(11) NOT NULL,
  `dateCreated` datetime NOT NULL,
  `dateUpdated` datetime NOT NULL,
  `uid` char(36) COLLATE utf8_unicode_ci NOT NULL DEFAULT '0',
  PRIMARY KEY (`id`),
  KEY `craft_tags_groupId_fk` (`groupId`)
) ENGINE=InnoDB DEFAULT CHARSET=utf8 COLLATE=utf8_unicode_ci;

DROP TABLE IF EXISTS `craft_tasks`;


--
-- Schema for table `craft_tasks`
--
CREATE TABLE `craft_tasks` (
  `id` int(11) NOT NULL AUTO_INCREMENT,
  `root` int(11) unsigned DEFAULT NULL,
  `lft` int(11) unsigned NOT NULL,
  `rgt` int(11) unsigned NOT NULL,
  `level` smallint(6) unsigned NOT NULL,
  `currentStep` int(11) unsigned DEFAULT NULL,
  `totalSteps` int(11) unsigned DEFAULT NULL,
  `status` enum('pending','error','running') COLLATE utf8_unicode_ci DEFAULT NULL,
  `type` varchar(150) COLLATE utf8_unicode_ci NOT NULL,
  `description` varchar(255) COLLATE utf8_unicode_ci DEFAULT NULL,
  `settings` mediumtext COLLATE utf8_unicode_ci DEFAULT NULL,
  `dateCreated` datetime NOT NULL,
  `dateUpdated` datetime NOT NULL,
  `uid` char(36) COLLATE utf8_unicode_ci NOT NULL DEFAULT '0',
  PRIMARY KEY (`id`),
  KEY `craft_tasks_root_idx` (`root`),
  KEY `craft_tasks_lft_idx` (`lft`),
  KEY `craft_tasks_rgt_idx` (`rgt`),
  KEY `craft_tasks_level_idx` (`level`)
) ENGINE=InnoDB AUTO_INCREMENT=24 DEFAULT CHARSET=utf8 COLLATE=utf8_unicode_ci;

DROP TABLE IF EXISTS `craft_templatecachecriteria`;


--
-- Schema for table `craft_templatecachecriteria`
--
CREATE TABLE `craft_templatecachecriteria` (
  `id` int(11) NOT NULL AUTO_INCREMENT,
  `cacheId` int(11) NOT NULL,
  `type` varchar(150) COLLATE utf8_unicode_ci NOT NULL,
  `criteria` text COLLATE utf8_unicode_ci NOT NULL,
  PRIMARY KEY (`id`),
  KEY `craft_templatecachecriteria_cacheId_fk` (`cacheId`),
  KEY `craft_templatecachecriteria_type_idx` (`type`)
) ENGINE=InnoDB DEFAULT CHARSET=utf8 COLLATE=utf8_unicode_ci;

DROP TABLE IF EXISTS `craft_templatecacheelements`;


--
-- Schema for table `craft_templatecacheelements`
--
CREATE TABLE `craft_templatecacheelements` (
  `cacheId` int(11) NOT NULL,
  `elementId` int(11) NOT NULL,
  KEY `craft_templatecacheelements_cacheId_fk` (`cacheId`),
  KEY `craft_templatecacheelements_elementId_fk` (`elementId`)
) ENGINE=InnoDB DEFAULT CHARSET=utf8 COLLATE=utf8_unicode_ci;

DROP TABLE IF EXISTS `craft_templatecaches`;


--
-- Schema for table `craft_templatecaches`
--
CREATE TABLE `craft_templatecaches` (
  `id` int(11) NOT NULL AUTO_INCREMENT,
  `cacheKey` varchar(255) COLLATE utf8_unicode_ci NOT NULL,
  `locale` char(12) COLLATE utf8_unicode_ci NOT NULL,
  `path` varchar(255) COLLATE utf8_unicode_ci DEFAULT NULL,
  `expiryDate` datetime NOT NULL,
  `body` mediumtext COLLATE utf8_unicode_ci NOT NULL,
  PRIMARY KEY (`id`),
  KEY `craft_templatecaches_locale_fk` (`locale`),
  KEY `craft_templatecaches_cacheKey_locale_expiryDate_idx` (`cacheKey`,`locale`,`expiryDate`),
  KEY `craft_templatecaches_cacheKey_locale_expiryDate_path_idx` (`cacheKey`,`locale`,`expiryDate`,`path`)
) ENGINE=InnoDB DEFAULT CHARSET=utf8 COLLATE=utf8_unicode_ci;

DROP TABLE IF EXISTS `craft_tokens`;


--
-- Schema for table `craft_tokens`
--
CREATE TABLE `craft_tokens` (
  `id` int(11) NOT NULL AUTO_INCREMENT,
  `token` char(32) COLLATE utf8_unicode_ci NOT NULL,
  `route` text COLLATE utf8_unicode_ci DEFAULT NULL,
  `usageLimit` tinyint(3) unsigned DEFAULT NULL,
  `usageCount` tinyint(3) unsigned DEFAULT NULL,
  `expiryDate` datetime NOT NULL,
  `dateCreated` datetime NOT NULL,
  `dateUpdated` datetime NOT NULL,
  `uid` char(36) COLLATE utf8_unicode_ci NOT NULL DEFAULT '0',
  PRIMARY KEY (`id`),
  UNIQUE KEY `craft_tokens_token_unq_idx` (`token`),
  KEY `craft_tokens_expiryDate_idx` (`expiryDate`)
) ENGINE=InnoDB DEFAULT CHARSET=utf8 COLLATE=utf8_unicode_ci;

DROP TABLE IF EXISTS `craft_usergroups`;


--
-- Schema for table `craft_usergroups`
--
CREATE TABLE `craft_usergroups` (
  `id` int(11) NOT NULL AUTO_INCREMENT,
  `name` varchar(255) COLLATE utf8_unicode_ci NOT NULL,
  `handle` varchar(255) COLLATE utf8_unicode_ci NOT NULL,
  `dateCreated` datetime NOT NULL,
  `dateUpdated` datetime NOT NULL,
  `uid` char(36) COLLATE utf8_unicode_ci NOT NULL DEFAULT '0',
  PRIMARY KEY (`id`),
  UNIQUE KEY `craft_usergroups_name_unq_idx` (`name`),
  UNIQUE KEY `craft_usergroups_handle_unq_idx` (`handle`)
) ENGINE=InnoDB DEFAULT CHARSET=utf8 COLLATE=utf8_unicode_ci;

DROP TABLE IF EXISTS `craft_usergroups_users`;


--
-- Schema for table `craft_usergroups_users`
--
CREATE TABLE `craft_usergroups_users` (
  `id` int(11) NOT NULL AUTO_INCREMENT,
  `groupId` int(11) NOT NULL,
  `userId` int(11) NOT NULL,
  `dateCreated` datetime NOT NULL,
  `dateUpdated` datetime NOT NULL,
  `uid` char(36) COLLATE utf8_unicode_ci NOT NULL DEFAULT '0',
  PRIMARY KEY (`id`),
  UNIQUE KEY `craft_usergroups_users_groupId_userId_unq_idx` (`groupId`,`userId`),
  KEY `craft_usergroups_users_userId_fk` (`userId`)
) ENGINE=InnoDB DEFAULT CHARSET=utf8 COLLATE=utf8_unicode_ci;

DROP TABLE IF EXISTS `craft_userpermissions`;


--
-- Schema for table `craft_userpermissions`
--
CREATE TABLE `craft_userpermissions` (
  `id` int(11) NOT NULL AUTO_INCREMENT,
  `name` varchar(255) COLLATE utf8_unicode_ci NOT NULL,
  `dateCreated` datetime NOT NULL,
  `dateUpdated` datetime NOT NULL,
  `uid` char(36) COLLATE utf8_unicode_ci NOT NULL DEFAULT '0',
  PRIMARY KEY (`id`),
  UNIQUE KEY `craft_userpermissions_name_unq_idx` (`name`)
) ENGINE=InnoDB DEFAULT CHARSET=utf8 COLLATE=utf8_unicode_ci;

DROP TABLE IF EXISTS `craft_userpermissions_usergroups`;


--
-- Schema for table `craft_userpermissions_usergroups`
--
CREATE TABLE `craft_userpermissions_usergroups` (
  `id` int(11) NOT NULL AUTO_INCREMENT,
  `permissionId` int(11) NOT NULL,
  `groupId` int(11) NOT NULL,
  `dateCreated` datetime NOT NULL,
  `dateUpdated` datetime NOT NULL,
  `uid` char(36) COLLATE utf8_unicode_ci NOT NULL DEFAULT '0',
  PRIMARY KEY (`id`),
  UNIQUE KEY `craft_userpermissions_usergroups_permissionId_groupId_unq_idx` (`permissionId`,`groupId`),
  KEY `craft_userpermissions_usergroups_groupId_fk` (`groupId`)
) ENGINE=InnoDB DEFAULT CHARSET=utf8 COLLATE=utf8_unicode_ci;

DROP TABLE IF EXISTS `craft_userpermissions_users`;


--
-- Schema for table `craft_userpermissions_users`
--
CREATE TABLE `craft_userpermissions_users` (
  `id` int(11) NOT NULL AUTO_INCREMENT,
  `permissionId` int(11) NOT NULL,
  `userId` int(11) NOT NULL,
  `dateCreated` datetime NOT NULL,
  `dateUpdated` datetime NOT NULL,
  `uid` char(36) COLLATE utf8_unicode_ci NOT NULL DEFAULT '0',
  PRIMARY KEY (`id`),
  UNIQUE KEY `craft_userpermissions_users_permissionId_userId_unq_idx` (`permissionId`,`userId`),
  KEY `craft_userpermissions_users_userId_fk` (`userId`)
) ENGINE=InnoDB DEFAULT CHARSET=utf8 COLLATE=utf8_unicode_ci;

DROP TABLE IF EXISTS `craft_users`;


--
-- Schema for table `craft_users`
--
CREATE TABLE `craft_users` (
  `id` int(11) NOT NULL,
  `username` varchar(100) COLLATE utf8_unicode_ci NOT NULL,
  `photo` varchar(100) COLLATE utf8_unicode_ci DEFAULT NULL,
  `firstName` varchar(100) COLLATE utf8_unicode_ci DEFAULT NULL,
  `lastName` varchar(100) COLLATE utf8_unicode_ci DEFAULT NULL,
  `email` varchar(255) COLLATE utf8_unicode_ci NOT NULL,
  `password` char(255) COLLATE utf8_unicode_ci DEFAULT NULL,
  `preferredLocale` char(12) COLLATE utf8_unicode_ci DEFAULT NULL,
  `weekStartDay` tinyint(1) unsigned NOT NULL DEFAULT 0,
  `admin` tinyint(1) unsigned NOT NULL DEFAULT 0,
  `client` tinyint(1) unsigned NOT NULL DEFAULT 0,
  `locked` tinyint(1) unsigned NOT NULL DEFAULT 0,
  `suspended` tinyint(1) unsigned NOT NULL DEFAULT 0,
  `pending` tinyint(1) unsigned NOT NULL DEFAULT 0,
  `archived` tinyint(1) unsigned NOT NULL DEFAULT 0,
  `lastLoginDate` datetime DEFAULT NULL,
  `lastLoginAttemptIPAddress` varchar(45) COLLATE utf8_unicode_ci DEFAULT NULL,
  `invalidLoginWindowStart` datetime DEFAULT NULL,
  `invalidLoginCount` tinyint(4) unsigned DEFAULT NULL,
  `lastInvalidLoginDate` datetime DEFAULT NULL,
  `lockoutDate` datetime DEFAULT NULL,
  `verificationCode` char(100) COLLATE utf8_unicode_ci DEFAULT NULL,
  `verificationCodeIssuedDate` datetime DEFAULT NULL,
  `unverifiedEmail` varchar(255) COLLATE utf8_unicode_ci DEFAULT NULL,
  `passwordResetRequired` tinyint(1) unsigned NOT NULL DEFAULT 0,
  `lastPasswordChangeDate` datetime DEFAULT NULL,
  `dateCreated` datetime NOT NULL,
  `dateUpdated` datetime NOT NULL,
  `uid` char(36) COLLATE utf8_unicode_ci NOT NULL DEFAULT '0',
  PRIMARY KEY (`id`),
  UNIQUE KEY `craft_users_username_unq_idx` (`username`),
  UNIQUE KEY `craft_users_email_unq_idx` (`email`),
  KEY `craft_users_verificationCode_idx` (`verificationCode`),
  KEY `craft_users_uid_idx` (`uid`),
  KEY `craft_users_preferredLocale_fk` (`preferredLocale`)
) ENGINE=InnoDB DEFAULT CHARSET=utf8 COLLATE=utf8_unicode_ci;

--
-- Data for table `craft_users`
--

INSERT INTO `craft_users` (`id`, `username`, `photo`, `firstName`, `lastName`, `email`, `password`, `preferredLocale`, `weekStartDay`, `admin`, `client`, `locked`, `suspended`, `pending`, `archived`, `lastLoginDate`, `lastLoginAttemptIPAddress`, `invalidLoginWindowStart`, `invalidLoginCount`, `lastInvalidLoginDate`, `lockoutDate`, `verificationCode`, `verificationCodeIssuedDate`, `unverifiedEmail`, `passwordResetRequired`, `lastPasswordChangeDate`, `dateCreated`, `dateUpdated`, `uid`) VALUES
 ('1', 'Safe', NULL, NULL, NULL, 'hi@graphicactivity.co.nz', '$2y$13$RaCMK4z/N6vwX.58YLvMHeoGFVh4WykpaFxlc1.sd/ONVaY5eiuVO', NULL, '0', '1', '0', '0', '0', '0', '0', '2018-01-19 19:13:02', '192.168.10.1', NULL, NULL, NULL, NULL, NULL, NULL, NULL, '0', '2017-08-09 07:48:00', '2017-08-09 07:48:00', '2018-01-19 19:13:02', '248ecd23-dc05-4883-8954-c1431fcc51ef');



DROP TABLE IF EXISTS `craft_widgets`;


--
-- Schema for table `craft_widgets`
--
CREATE TABLE `craft_widgets` (
  `id` int(11) NOT NULL AUTO_INCREMENT,
  `userId` int(11) NOT NULL,
  `type` varchar(150) COLLATE utf8_unicode_ci NOT NULL,
  `sortOrder` smallint(6) unsigned DEFAULT NULL,
  `colspan` tinyint(4) unsigned DEFAULT NULL,
  `settings` text COLLATE utf8_unicode_ci DEFAULT NULL,
  `enabled` tinyint(1) unsigned NOT NULL DEFAULT 1,
  `dateCreated` datetime NOT NULL,
  `dateUpdated` datetime NOT NULL,
  `uid` char(36) COLLATE utf8_unicode_ci NOT NULL DEFAULT '0',
  PRIMARY KEY (`id`),
  KEY `craft_widgets_userId_fk` (`userId`)
) ENGINE=InnoDB AUTO_INCREMENT=5 DEFAULT CHARSET=utf8 COLLATE=utf8_unicode_ci;

--
-- Data for table `craft_widgets`
--

INSERT INTO `craft_widgets` (`id`, `userId`, `type`, `sortOrder`, `colspan`, `settings`, `enabled`, `dateCreated`, `dateUpdated`, `uid`) VALUES
 ('1', '1', 'RecentEntries', '1', '3', NULL, '1', '2017-08-09 07:48:05', '2017-08-09 07:48:17', '2e69c79b-5105-43d4-8367-f20dd74d9a3f'),
 ('2', '1', 'GetHelp', '2', NULL, NULL, '0', '2017-08-09 07:48:05', '2017-08-09 07:48:16', '9b767d33-59f9-4a1d-8853-ad945a12a828'),
 ('3', '1', 'Updates', '3', NULL, NULL, '0', '2017-08-09 07:48:05', '2017-08-09 07:48:15', '61640091-97b8-4974-a642-6ee2a3780491'),
 ('4', '1', 'Feed', '4', NULL, '{\"url\":\"https:\\/\\/craftcms.com\\/news.rss\",\"title\":\"Craft News\"}', '0', '2017-08-09 07:48:05', '2017-08-09 07:48:13', 'a3a5cffd-0ee2-4eb1-a80e-8156b1124111');


--
-- Constraints for tables
--


--
-- Constraints for table `craft_assetfiles`
--
ALTER TABLE `craft_assetfiles`
	ADD CONSTRAINT `craft_assetfiles_folderId_fk` FOREIGN KEY (`folderId`) REFERENCES `craft_assetfolders` (`id`) ON DELETE CASCADE,
	ADD CONSTRAINT `craft_assetfiles_id_fk` FOREIGN KEY (`id`) REFERENCES `craft_elements` (`id`) ON DELETE CASCADE,
	ADD CONSTRAINT `craft_assetfiles_sourceId_fk` FOREIGN KEY (`sourceId`) REFERENCES `craft_assetsources` (`id`) ON DELETE CASCADE;

--
-- Constraints for table `craft_assetfolders`
--
ALTER TABLE `craft_assetfolders`
	ADD CONSTRAINT `craft_assetfolders_parentId_fk` FOREIGN KEY (`parentId`) REFERENCES `craft_assetfolders` (`id`) ON DELETE CASCADE,
	ADD CONSTRAINT `craft_assetfolders_sourceId_fk` FOREIGN KEY (`sourceId`) REFERENCES `craft_assetsources` (`id`) ON DELETE CASCADE;

--
-- Constraints for table `craft_assetindexdata`
--
ALTER TABLE `craft_assetindexdata`
	ADD CONSTRAINT `craft_assetindexdata_sourceId_fk` FOREIGN KEY (`sourceId`) REFERENCES `craft_assetsources` (`id`) ON DELETE CASCADE;

--
-- Constraints for table `craft_assetsources`
--
ALTER TABLE `craft_assetsources`
	ADD CONSTRAINT `craft_assetsources_fieldLayoutId_fk` FOREIGN KEY (`fieldLayoutId`) REFERENCES `craft_fieldlayouts` (`id`) ON DELETE SET NULL;

--
-- Constraints for table `craft_categories`
--
ALTER TABLE `craft_categories`
	ADD CONSTRAINT `craft_categories_groupId_fk` FOREIGN KEY (`groupId`) REFERENCES `craft_categorygroups` (`id`) ON DELETE CASCADE,
	ADD CONSTRAINT `craft_categories_id_fk` FOREIGN KEY (`id`) REFERENCES `craft_elements` (`id`) ON DELETE CASCADE;

--
-- Constraints for table `craft_categorygroups`
--
ALTER TABLE `craft_categorygroups`
	ADD CONSTRAINT `craft_categorygroups_fieldLayoutId_fk` FOREIGN KEY (`fieldLayoutId`) REFERENCES `craft_fieldlayouts` (`id`) ON DELETE SET NULL,
	ADD CONSTRAINT `craft_categorygroups_structureId_fk` FOREIGN KEY (`structureId`) REFERENCES `craft_structures` (`id`) ON DELETE CASCADE;

--
-- Constraints for table `craft_categorygroups_i18n`
--
ALTER TABLE `craft_categorygroups_i18n`
	ADD CONSTRAINT `craft_categorygroups_i18n_groupId_fk` FOREIGN KEY (`groupId`) REFERENCES `craft_categorygroups` (`id`) ON DELETE CASCADE,
	ADD CONSTRAINT `craft_categorygroups_i18n_locale_fk` FOREIGN KEY (`locale`) REFERENCES `craft_locales` (`locale`) ON DELETE CASCADE ON UPDATE CASCADE;

--
-- Constraints for table `craft_content`
--
ALTER TABLE `craft_content`
	ADD CONSTRAINT `craft_content_elementId_fk` FOREIGN KEY (`elementId`) REFERENCES `craft_elements` (`id`) ON DELETE CASCADE,
	ADD CONSTRAINT `craft_content_locale_fk` FOREIGN KEY (`locale`) REFERENCES `craft_locales` (`locale`) ON DELETE CASCADE ON UPDATE CASCADE;

--
-- Constraints for table `craft_elements_i18n`
--
ALTER TABLE `craft_elements_i18n`
	ADD CONSTRAINT `craft_elements_i18n_elementId_fk` FOREIGN KEY (`elementId`) REFERENCES `craft_elements` (`id`) ON DELETE CASCADE,
	ADD CONSTRAINT `craft_elements_i18n_locale_fk` FOREIGN KEY (`locale`) REFERENCES `craft_locales` (`locale`) ON DELETE CASCADE ON UPDATE CASCADE;

--
-- Constraints for table `craft_emailmessages`
--
ALTER TABLE `craft_emailmessages`
	ADD CONSTRAINT `craft_emailmessages_locale_fk` FOREIGN KEY (`locale`) REFERENCES `craft_locales` (`locale`) ON DELETE CASCADE ON UPDATE CASCADE;

--
-- Constraints for table `craft_entries`
--
ALTER TABLE `craft_entries`
	ADD CONSTRAINT `craft_entries_authorId_fk` FOREIGN KEY (`authorId`) REFERENCES `craft_users` (`id`) ON DELETE CASCADE,
	ADD CONSTRAINT `craft_entries_id_fk` FOREIGN KEY (`id`) REFERENCES `craft_elements` (`id`) ON DELETE CASCADE,
	ADD CONSTRAINT `craft_entries_sectionId_fk` FOREIGN KEY (`sectionId`) REFERENCES `craft_sections` (`id`) ON DELETE CASCADE,
	ADD CONSTRAINT `craft_entries_typeId_fk` FOREIGN KEY (`typeId`) REFERENCES `craft_entrytypes` (`id`) ON DELETE CASCADE;

--
-- Constraints for table `craft_entrydrafts`
--
ALTER TABLE `craft_entrydrafts`
	ADD CONSTRAINT `craft_entrydrafts_creatorId_fk` FOREIGN KEY (`creatorId`) REFERENCES `craft_users` (`id`) ON DELETE CASCADE,
	ADD CONSTRAINT `craft_entrydrafts_entryId_fk` FOREIGN KEY (`entryId`) REFERENCES `craft_entries` (`id`) ON DELETE CASCADE,
	ADD CONSTRAINT `craft_entrydrafts_locale_fk` FOREIGN KEY (`locale`) REFERENCES `craft_locales` (`locale`) ON DELETE CASCADE ON UPDATE CASCADE,
	ADD CONSTRAINT `craft_entrydrafts_sectionId_fk` FOREIGN KEY (`sectionId`) REFERENCES `craft_sections` (`id`) ON DELETE CASCADE;

--
-- Constraints for table `craft_entrytypes`
--
ALTER TABLE `craft_entrytypes`
	ADD CONSTRAINT `craft_entrytypes_fieldLayoutId_fk` FOREIGN KEY (`fieldLayoutId`) REFERENCES `craft_fieldlayouts` (`id`) ON DELETE SET NULL,
	ADD CONSTRAINT `craft_entrytypes_sectionId_fk` FOREIGN KEY (`sectionId`) REFERENCES `craft_sections` (`id`) ON DELETE CASCADE;

--
-- Constraints for table `craft_entryversions`
--
ALTER TABLE `craft_entryversions`
	ADD CONSTRAINT `craft_entryversions_creatorId_fk` FOREIGN KEY (`creatorId`) REFERENCES `craft_users` (`id`) ON DELETE SET NULL,
	ADD CONSTRAINT `craft_entryversions_entryId_fk` FOREIGN KEY (`entryId`) REFERENCES `craft_entries` (`id`) ON DELETE CASCADE,
	ADD CONSTRAINT `craft_entryversions_locale_fk` FOREIGN KEY (`locale`) REFERENCES `craft_locales` (`locale`) ON DELETE CASCADE ON UPDATE CASCADE,
	ADD CONSTRAINT `craft_entryversions_sectionId_fk` FOREIGN KEY (`sectionId`) REFERENCES `craft_sections` (`id`) ON DELETE CASCADE;

--
-- Constraints for table `craft_fieldlayoutfields`
--
ALTER TABLE `craft_fieldlayoutfields`
	ADD CONSTRAINT `craft_fieldlayoutfields_fieldId_fk` FOREIGN KEY (`fieldId`) REFERENCES `craft_fields` (`id`) ON DELETE CASCADE,
	ADD CONSTRAINT `craft_fieldlayoutfields_layoutId_fk` FOREIGN KEY (`layoutId`) REFERENCES `craft_fieldlayouts` (`id`) ON DELETE CASCADE,
	ADD CONSTRAINT `craft_fieldlayoutfields_tabId_fk` FOREIGN KEY (`tabId`) REFERENCES `craft_fieldlayouttabs` (`id`) ON DELETE CASCADE;

--
-- Constraints for table `craft_fieldlayouttabs`
--
ALTER TABLE `craft_fieldlayouttabs`
	ADD CONSTRAINT `craft_fieldlayouttabs_layoutId_fk` FOREIGN KEY (`layoutId`) REFERENCES `craft_fieldlayouts` (`id`) ON DELETE CASCADE;

--
-- Constraints for table `craft_fields`
--
ALTER TABLE `craft_fields`
	ADD CONSTRAINT `craft_fields_groupId_fk` FOREIGN KEY (`groupId`) REFERENCES `craft_fieldgroups` (`id`) ON DELETE CASCADE;

--
-- Constraints for table `craft_formbuilder2_entries`
--
ALTER TABLE `craft_formbuilder2_entries`
	ADD CONSTRAINT `craft_formbuilder2_entries_formId_fk` FOREIGN KEY (`formId`) REFERENCES `craft_formbuilder2_forms` (`id`) ON DELETE CASCADE,
	ADD CONSTRAINT `craft_formbuilder2_entries_id_fk` FOREIGN KEY (`id`) REFERENCES `craft_elements` (`id`) ON DELETE CASCADE;

--
-- Constraints for table `craft_formbuilder2_fields`
--
ALTER TABLE `craft_formbuilder2_fields`
	ADD CONSTRAINT `craft_formbuilder2_fields_fieldId_fk` FOREIGN KEY (`fieldId`) REFERENCES `craft_fields` (`id`) ON DELETE CASCADE,
	ADD CONSTRAINT `craft_formbuilder2_fields_fieldLayoutId_fk` FOREIGN KEY (`fieldLayoutId`) REFERENCES `craft_fieldlayouts` (`id`) ON DELETE CASCADE;

--
-- Constraints for table `craft_formbuilder2_forms`
--
ALTER TABLE `craft_formbuilder2_forms`
	ADD CONSTRAINT `craft_formbuilder2_forms_fieldLayoutId_fk` FOREIGN KEY (`fieldLayoutId`) REFERENCES `craft_fieldlayouts` (`id`) ON DELETE SET NULL;

--
-- Constraints for table `craft_globalsets`
--
ALTER TABLE `craft_globalsets`
	ADD CONSTRAINT `craft_globalsets_fieldLayoutId_fk` FOREIGN KEY (`fieldLayoutId`) REFERENCES `craft_fieldlayouts` (`id`) ON DELETE SET NULL,
	ADD CONSTRAINT `craft_globalsets_id_fk` FOREIGN KEY (`id`) REFERENCES `craft_elements` (`id`) ON DELETE CASCADE;

--
-- Constraints for table `craft_matrixblocks`
--
ALTER TABLE `craft_matrixblocks`
	ADD CONSTRAINT `craft_matrixblocks_fieldId_fk` FOREIGN KEY (`fieldId`) REFERENCES `craft_fields` (`id`) ON DELETE CASCADE,
	ADD CONSTRAINT `craft_matrixblocks_id_fk` FOREIGN KEY (`id`) REFERENCES `craft_elements` (`id`) ON DELETE CASCADE,
	ADD CONSTRAINT `craft_matrixblocks_ownerId_fk` FOREIGN KEY (`ownerId`) REFERENCES `craft_elements` (`id`) ON DELETE CASCADE,
	ADD CONSTRAINT `craft_matrixblocks_ownerLocale_fk` FOREIGN KEY (`ownerLocale`) REFERENCES `craft_locales` (`locale`) ON DELETE CASCADE ON UPDATE CASCADE,
	ADD CONSTRAINT `craft_matrixblocks_typeId_fk` FOREIGN KEY (`typeId`) REFERENCES `craft_matrixblocktypes` (`id`) ON DELETE CASCADE;

--
-- Constraints for table `craft_matrixblocktypes`
--
ALTER TABLE `craft_matrixblocktypes`
	ADD CONSTRAINT `craft_matrixblocktypes_fieldId_fk` FOREIGN KEY (`fieldId`) REFERENCES `craft_fields` (`id`) ON DELETE CASCADE,
	ADD CONSTRAINT `craft_matrixblocktypes_fieldLayoutId_fk` FOREIGN KEY (`fieldLayoutId`) REFERENCES `craft_fieldlayouts` (`id`) ON DELETE SET NULL;

--
-- Constraints for table `craft_matrixcontent_artwork`
--
ALTER TABLE `craft_matrixcontent_artwork`
	ADD CONSTRAINT `craft_matrixcontent_artwork_elementId_fk` FOREIGN KEY (`elementId`) REFERENCES `craft_elements` (`id`) ON DELETE CASCADE,
	ADD CONSTRAINT `craft_matrixcontent_artwork_locale_fk` FOREIGN KEY (`locale`) REFERENCES `craft_locales` (`locale`) ON DELETE CASCADE ON UPDATE CASCADE;

--
-- Constraints for table `craft_migrations`
--
ALTER TABLE `craft_migrations`
	ADD CONSTRAINT `craft_migrations_pluginId_fk` FOREIGN KEY (`pluginId`) REFERENCES `craft_plugins` (`id`) ON DELETE CASCADE;

--
-- Constraints for table `craft_relations`
--
ALTER TABLE `craft_relations`
	ADD CONSTRAINT `craft_relations_fieldId_fk` FOREIGN KEY (`fieldId`) REFERENCES `craft_fields` (`id`) ON DELETE CASCADE,
	ADD CONSTRAINT `craft_relations_sourceId_fk` FOREIGN KEY (`sourceId`) REFERENCES `craft_elements` (`id`) ON DELETE CASCADE,
	ADD CONSTRAINT `craft_relations_sourceLocale_fk` FOREIGN KEY (`sourceLocale`) REFERENCES `craft_locales` (`locale`) ON DELETE CASCADE ON UPDATE CASCADE,
	ADD CONSTRAINT `craft_relations_targetId_fk` FOREIGN KEY (`targetId`) REFERENCES `craft_elements` (`id`) ON DELETE CASCADE;

--
-- Constraints for table `craft_routes`
--
ALTER TABLE `craft_routes`
	ADD CONSTRAINT `craft_routes_locale_fk` FOREIGN KEY (`locale`) REFERENCES `craft_locales` (`locale`) ON DELETE CASCADE ON UPDATE CASCADE;

--
-- Constraints for table `craft_sections`
--
ALTER TABLE `craft_sections`
	ADD CONSTRAINT `craft_sections_structureId_fk` FOREIGN KEY (`structureId`) REFERENCES `craft_structures` (`id`) ON DELETE SET NULL;

--
-- Constraints for table `craft_sections_i18n`
--
ALTER TABLE `craft_sections_i18n`
	ADD CONSTRAINT `craft_sections_i18n_locale_fk` FOREIGN KEY (`locale`) REFERENCES `craft_locales` (`locale`) ON DELETE CASCADE ON UPDATE CASCADE,
	ADD CONSTRAINT `craft_sections_i18n_sectionId_fk` FOREIGN KEY (`sectionId`) REFERENCES `craft_sections` (`id`) ON DELETE CASCADE;

--
-- Constraints for table `craft_sessions`
--
ALTER TABLE `craft_sessions`
	ADD CONSTRAINT `craft_sessions_userId_fk` FOREIGN KEY (`userId`) REFERENCES `craft_users` (`id`) ON DELETE CASCADE;

--
-- Constraints for table `craft_shunnedmessages`
--
ALTER TABLE `craft_shunnedmessages`
	ADD CONSTRAINT `craft_shunnedmessages_userId_fk` FOREIGN KEY (`userId`) REFERENCES `craft_users` (`id`) ON DELETE CASCADE;

--
-- Constraints for table `craft_structureelements`
--
ALTER TABLE `craft_structureelements`
	ADD CONSTRAINT `craft_structureelements_elementId_fk` FOREIGN KEY (`elementId`) REFERENCES `craft_elements` (`id`) ON DELETE CASCADE,
	ADD CONSTRAINT `craft_structureelements_structureId_fk` FOREIGN KEY (`structureId`) REFERENCES `craft_structures` (`id`) ON DELETE CASCADE;

--
-- Constraints for table `craft_taggroups`
--
ALTER TABLE `craft_taggroups`
	ADD CONSTRAINT `craft_taggroups_fieldLayoutId_fk` FOREIGN KEY (`fieldLayoutId`) REFERENCES `craft_fieldlayouts` (`id`) ON DELETE SET NULL;

--
-- Constraints for table `craft_tags`
--
ALTER TABLE `craft_tags`
	ADD CONSTRAINT `craft_tags_groupId_fk` FOREIGN KEY (`groupId`) REFERENCES `craft_taggroups` (`id`) ON DELETE CASCADE,
	ADD CONSTRAINT `craft_tags_id_fk` FOREIGN KEY (`id`) REFERENCES `craft_elements` (`id`) ON DELETE CASCADE;

--
-- Constraints for table `craft_templatecachecriteria`
--
ALTER TABLE `craft_templatecachecriteria`
	ADD CONSTRAINT `craft_templatecachecriteria_cacheId_fk` FOREIGN KEY (`cacheId`) REFERENCES `craft_templatecaches` (`id`) ON DELETE CASCADE;

--
-- Constraints for table `craft_templatecacheelements`
--
ALTER TABLE `craft_templatecacheelements`
	ADD CONSTRAINT `craft_templatecacheelements_cacheId_fk` FOREIGN KEY (`cacheId`) REFERENCES `craft_templatecaches` (`id`) ON DELETE CASCADE,
	ADD CONSTRAINT `craft_templatecacheelements_elementId_fk` FOREIGN KEY (`elementId`) REFERENCES `craft_elements` (`id`) ON DELETE CASCADE;

--
-- Constraints for table `craft_templatecaches`
--
ALTER TABLE `craft_templatecaches`
	ADD CONSTRAINT `craft_templatecaches_locale_fk` FOREIGN KEY (`locale`) REFERENCES `craft_locales` (`locale`) ON DELETE CASCADE ON UPDATE CASCADE;

--
-- Constraints for table `craft_usergroups_users`
--
ALTER TABLE `craft_usergroups_users`
	ADD CONSTRAINT `craft_usergroups_users_groupId_fk` FOREIGN KEY (`groupId`) REFERENCES `craft_usergroups` (`id`) ON DELETE CASCADE,
	ADD CONSTRAINT `craft_usergroups_users_userId_fk` FOREIGN KEY (`userId`) REFERENCES `craft_users` (`id`) ON DELETE CASCADE;

--
-- Constraints for table `craft_userpermissions_usergroups`
--
ALTER TABLE `craft_userpermissions_usergroups`
	ADD CONSTRAINT `craft_userpermissions_usergroups_groupId_fk` FOREIGN KEY (`groupId`) REFERENCES `craft_usergroups` (`id`) ON DELETE CASCADE,
	ADD CONSTRAINT `craft_userpermissions_usergroups_permissionId_fk` FOREIGN KEY (`permissionId`) REFERENCES `craft_userpermissions` (`id`) ON DELETE CASCADE;

--
-- Constraints for table `craft_userpermissions_users`
--
ALTER TABLE `craft_userpermissions_users`
	ADD CONSTRAINT `craft_userpermissions_users_permissionId_fk` FOREIGN KEY (`permissionId`) REFERENCES `craft_userpermissions` (`id`) ON DELETE CASCADE,
	ADD CONSTRAINT `craft_userpermissions_users_userId_fk` FOREIGN KEY (`userId`) REFERENCES `craft_users` (`id`) ON DELETE CASCADE;

--
-- Constraints for table `craft_users`
--
ALTER TABLE `craft_users`
	ADD CONSTRAINT `craft_users_id_fk` FOREIGN KEY (`id`) REFERENCES `craft_elements` (`id`) ON DELETE CASCADE,
	ADD CONSTRAINT `craft_users_preferredLocale_fk` FOREIGN KEY (`preferredLocale`) REFERENCES `craft_locales` (`locale`) ON DELETE SET NULL ON UPDATE CASCADE;

--
-- Constraints for table `craft_widgets`
--
ALTER TABLE `craft_widgets`
	ADD CONSTRAINT `craft_widgets_userId_fk` FOREIGN KEY (`userId`) REFERENCES `craft_users` (`id`) ON DELETE CASCADE;

SET FOREIGN_KEY_CHECKS = 1;
